release_speed,spin_axis,delta_home_win_exp
95.4,187.0,0.0
88.8,200.0,0.0
73.2,329.0,0.0
79.1,226.0,0.0
80.3,117.0,0.0
83.6,135.0,0.0
82.1,89.0,0.0
91.0,184.0,0.0
86.5,190.0,0.0
92.0,212.0,0.0
91.9,204.0,0.013
90.3,150.0,-0.033
77.1,114.0,0.0
69.1,49.0,-0.019
80.8,51.0,0.0
76.9,333.0,-0.038
83.8,244.0,0.0
89.4,139.0,0.0
87.5,91.0,0.0
95.5,229.0,0.0
89.3,148.0,-0.025
91.0,202.0,0.0
78.9,92.0,0.0
80.6,193.0,0.0
94.1,198.0,0.0
85.7,118.0,0.0
97.9,199.0,0.0
89.4,194.0,0.0
86.2,174.0,0.0
93.5,238.0,0.0
96.2,207.0,0.0
82.1,57.0,0.08
82.4,125.0,0.0
74.7,346.0,0.0
97.6,209.0,-0.044
80.6,15.0,0.0
72.7,30.0,0.0
80.0,295.0,0.0
87.8,95.0,0.0
95.9,220.0,0.004
96.6,236.0,0.0
95.5,209.0,0.0
94.8,189.0,0.021
91.7,211.0,0.0
89.8,161.0,0.013
86.8,240.0,0.0
91.0,254.0,0.0
82.9,28.0,0.0
95.2,192.0,0.0
75.7,82.0,-0.004
81.9,159.0,0.0
85.4,145.0,0.0
90.4,248.0,0.0
79.7,272.0,0.0
87.2,175.0,0.0
80.1,272.0,0.0
94.5,129.0,0.0
90.7,206.0,0.0
85.7,103.0,0.0
88.8,196.0,-0.022
91.9,223.0,0.0
84.0,86.0,0.0
93.1,179.0,-0.005
95.6,194.0,0.0
91.2,223.0,0.0
87.5,178.0,0.0
82.7,24.0,0.0
88.1,4.0,-0.037
92.3,215.0,0.0
80.6,17.0,0.0
92.9,203.0,0.0
91.4,206.0,0.0
90.0,218.0,0.0
91.4,201.0,0.024
93.3,196.0,0.0
81.3,56.0,0.0
90.5,119.0,0.001
97.4,194.0,0.004
97.0,201.0,0.0
77.1,22.0,0.0
89.0,157.0,0.0
85.3,249.0,0.0
93.0,147.0,-0.043
83.9,272.0,0.022
69.0,216.0,-0.018
93.6,177.0,0.0
92.8,206.0,0.0
92.0,206.0,0.0
83.7,87.0,-0.036
92.4,100.0,0.0
86.5,161.0,0.0
96.5,243.0,0.0
87.3,204.0,-0.022
93.2,229.0,0.0
86.1,203.0,0.0
90.4,205.0,-0.002
94.3,220.0,-0.089
86.7,160.0,0.0
79.8,168.0,0.0
94.4,242.0,0.0
98.1,124.0,0.0
83.1,169.0,0.0
74.3,324.0,0.0
83.9,95.0,-0.013
91.1,219.0,0.0
95.2,250.0,0.0
93.2,109.0,0.0
83.4,277.0,0.0
78.8,249.0,0.0
91.2,237.0,0.0
92.6,177.0,0.0
90.0,206.0,0.0
86.7,286.0,-0.033
81.0,40.0,-0.009
89.8,158.0,0.0
90.6,211.0,-0.023
87.5,138.0,0.0289999999999999
81.4,250.0,0.0
87.0,162.0,0.0
89.7,123.0,0.0
82.6,223.0,0.0
80.4,141.0,0.0
91.3,206.0,0.0
87.5,295.0,0.0
92.1,211.0,0.0
93.8,206.0,0.0
95.7,221.0,0.0
83.8,255.0,0.0
82.8,62.0,0.0
80.3,50.0,0.003
97.7,209.0,0.0
93.8,195.0,0.0
90.9,245.0,0.0
93.9,213.0,0.0
88.3,162.0,-0.107
84.4,264.0,-0.104
84.4,28.0,0.0
76.6,331.0,0.0
83.5,98.0,0.0
97.1,240.0,0.0
96.9,196.0,0.0
90.5,209.0,0.0
93.0,210.0,0.0
90.3,194.0,0.0
93.0,233.0,-0.083
93.3,168.0,0.0
96.8,189.0,0.0
84.5,264.0,-0.031
88.6,105.0,-0.0279999999999999
85.8,126.0,0.0
81.4,116.0,0.0
93.4,191.0,0.0
95.4,207.0,0.0
97.9,198.0,0.0
88.7,221.0,-0.0279999999999999
86.8,111.0,0.0
91.1,187.0,-0.127
80.3,116.0,0.0
84.8,347.0,0.0
95.4,245.0,0.001
91.0,206.0,-0.016
92.5,219.0,0.01
94.0,229.0,0.0
95.0,194.0,-0.013
88.5,124.0,-0.0069999999999999
89.5,221.0,0.0
80.1,119.0,-0.005
91.2,215.0,0.0
92.9,156.0,0.0
94.1,190.0,0.0
91.2,185.0,0.0
91.8,152.0,0.0
82.0,57.0,0.0
94.7,229.0,0.0
86.0,82.0,0.0
97.5,246.0,0.0
75.2,318.0,0.0
81.5,121.0,0.0
92.2,221.0,0.0
91.8,221.0,0.0
94.6,211.0,0.0
84.9,256.0,-0.038
80.1,143.0,0.0
86.8,131.0,0.0
85.5,270.0,0.0
76.6,213.0,0.0
92.8,235.0,0.026
88.1,71.0,0.0
90.9,267.0,0.0
93.8,153.0,0.0
94.7,248.0,0.0
91.1,198.0,0.0
85.1,256.0,-0.019
94.0,244.0,0.0
82.2,231.0,-0.031
89.4,146.0,0.0
81.2,126.0,0.0
92.1,185.0,0.0
94.2,106.0,0.0
84.4,239.0,0.0
91.7,139.0,0.0
86.5,192.0,0.0
91.9,209.0,-0.022
94.5,206.0,0.0
93.0,222.0,0.0069999999999999
77.2,247.0,0.0
88.9,166.0,0.0
79.0,31.0,0.019
85.1,337.0,0.0
91.8,168.0,0.062
87.6,98.0,0.0
93.7,136.0,0.0
97.3,185.0,0.0
77.3,74.0,0.0
80.1,142.0,0.0
91.2,165.0,0.0
93.1,149.0,0.0
82.9,156.0,0.0
68.4,303.0,0.0
87.5,100.0,0.0
90.0,149.0,-0.033
95.4,219.0,0.0
83.0,261.0,0.0
94.8,242.0,0.0
96.7,201.0,0.0
90.6,174.0,0.0
91.8,175.0,0.0
96.6,208.0,-0.142
88.1,186.0,0.0
95.7,194.0,0.0
84.2,53.0,0.0
85.8,124.0,0.045
96.6,187.0,0.0
83.9,194.0,0.0
94.0,122.0,0.0
81.4,6.0,-0.016
85.7,171.0,0.01
87.0,269.0,0.0
89.9,136.0,0.0
78.2,309.0,-0.013
82.2,21.0,0.0
86.6,113.0,0.0
96.1,190.0,-0.094
94.6,124.0,0.0
79.4,294.0,0.0
88.5,229.0,0.0
82.1,115.0,0.0
92.2,231.0,0.0
91.4,167.0,0.0
86.9,179.0,-0.023
77.6,96.0,0.0
88.8,143.0,0.0
88.6,213.0,0.012
95.1,154.0,-0.037
91.9,204.0,-0.017
73.9,305.0,-0.013
78.6,328.0,0.031
87.8,279.0,0.0
82.7,243.0,-0.017
87.2,198.0,0.0
77.9,260.0,0.02
84.2,76.0,0.0
92.3,157.0,0.0
75.1,61.0,0.0
89.7,199.0,0.0
86.7,132.0,0.038
92.3,209.0,0.0
94.6,204.0,0.0
91.6,209.0,0.0
84.2,137.0,0.035
81.1,28.0,0.0
90.1,212.0,0.0
82.6,149.0,0.0
90.1,230.0,0.0
82.4,65.0,0.017
92.8,207.0,-0.046
87.8,210.0,0.0
82.2,30.0,-0.0139999999999999
90.0,150.0,0.0
83.1,123.0,0.0
95.0,206.0,0.0
90.7,255.0,-0.057
86.2,212.0,0.0
87.1,134.0,0.131
95.0,131.0,0.0
88.0,176.0,-0.0139999999999999
90.2,187.0,0.0139999999999999
91.2,205.0,-0.026
86.4,113.0,0.0
73.2,322.0,0.0
91.2,274.0,0.0
93.2,195.0,0.001
87.3,152.0,0.0
94.8,201.0,-0.109
88.2,193.0,-0.036
91.6,240.0,-0.024
90.1,140.0,0.011
89.8,157.0,0.0
95.8,232.0,0.0
94.5,204.0,0.0
92.7,243.0,-0.031
86.7,106.0,0.0
80.9,73.0,0.0
71.7,276.0,0.0
87.8,186.0,0.0
77.5,42.0,0.0
89.2,147.0,-0.025
79.3,67.0,0.0
94.7,212.0,-0.111
83.0,145.0,0.02
85.3,156.0,-0.0409999999999999
94.8,245.0,0.0
83.7,96.0,0.017
81.5,296.0,0.0
90.6,132.0,0.0
92.5,140.0,0.0
90.7,203.0,-0.003
95.4,196.0,0.0
94.1,247.0,0.075
90.0,210.0,0.0
92.9,198.0,0.0
95.9,200.0,0.0
88.0,223.0,0.003
85.8,34.0,0.0
92.2,216.0,-0.035
90.5,189.0,-0.035
89.9,217.0,0.0
94.1,173.0,0.0
78.6,316.0,0.0
92.9,255.0,0.0
94.0,155.0,0.0
93.0,247.0,0.0
93.0,113.0,0.052
92.1,208.0,0.036
90.0,222.0,0.0
86.2,133.0,0.0
92.6,197.0,0.0
94.4,212.0,0.0
92.2,154.0,0.038
90.6,174.0,0.0
79.6,125.0,0.0
93.4,244.0,0.0
93.8,230.0,0.0279999999999999
75.5,39.0,0.0
80.3,320.0,0.045
84.5,252.0,0.0
94.5,180.0,0.0
96.6,221.0,0.0
95.6,186.0,0.0
72.9,37.0,0.0
81.2,62.0,0.0
88.4,145.0,0.0
94.4,232.0,0.0
90.2,118.0,0.0
95.3,226.0,0.012
95.9,235.0,0.0
82.8,94.0,0.0
88.7,201.0,0.0
80.7,87.0,0.0
96.5,175.0,0.0
81.8,90.0,0.0
94.4,232.0,0.0
90.9,164.0,-0.022
91.1,141.0,0.0
93.7,216.0,0.026
96.8,214.0,0.0
84.0,87.0,0.0
91.7,246.0,0.021
94.6,207.0,-0.006
92.2,213.0,-0.008
93.5,232.0,0.0
95.7,196.0,0.0
89.5,215.0,0.0
78.7,22.0,0.0
81.0,59.0,0.0
94.3,216.0,0.0
80.3,344.0,0.0
93.9,189.0,0.001
89.7,211.0,0.0
92.1,248.0,0.01
90.8,215.0,0.0
90.9,142.0,0.1
80.0,270.0,0.0
83.0,99.0,0.0
77.0,141.0,0.0
91.6,191.0,0.0
79.6,120.0,0.0
88.8,203.0,0.0
88.3,101.0,0.0
90.8,199.0,0.05
83.3,110.0,0.0
97.2,160.0,0.0
95.7,215.0,0.0
90.3,127.0,-0.0289999999999999
96.0,159.0,0.0
84.5,77.0,0.0
91.2,92.0,0.011
78.5,58.0,0.0
95.7,174.0,0.0
95.4,208.0,0.0
75.6,63.0,0.0
95.9,209.0,-0.108
89.5,119.0,-0.017
78.9,233.0,0.006
76.7,28.0,0.0
92.5,225.0,0.0
85.2,111.0,0.0
91.9,206.0,0.0
90.5,211.0,-0.001
89.9,212.0,0.0
83.7,234.0,0.0
90.0,249.0,0.06
82.4,228.0,0.0
91.4,264.0,-0.038
95.8,228.0,0.0
92.2,208.0,0.0
80.5,94.0,-0.015
84.7,72.0,0.0
92.2,182.0,0.0
94.4,173.0,-0.0069999999999999
82.0,69.0,0.0
89.5,202.0,0.0
84.3,61.0,0.0
91.9,212.0,0.0
85.5,242.0,0.022
88.8,134.0,-0.019
79.8,287.0,0.0
94.1,190.0,0.0
80.7,251.0,-0.03
81.6,277.0,0.0
94.2,205.0,-0.005
85.8,109.0,0.0
77.3,330.0,0.0
90.5,164.0,0.0
96.0,240.0,0.0
90.1,228.0,0.0
91.7,169.0,0.0
87.0,185.0,0.0
77.2,93.0,0.0
93.8,156.0,0.0
96.8,207.0,0.0
91.4,53.0,0.0
83.7,252.0,0.001
78.2,304.0,-0.039
86.0,72.0,0.0
76.7,93.0,0.0
86.0,114.0,0.0
82.5,259.0,0.0
80.4,82.0,-0.018
84.7,72.0,0.0
89.9,174.0,0.001
88.3,253.0,0.052
95.7,211.0,0.0
84.1,252.0,0.0
93.6,242.0,0.0
81.3,227.0,0.021
92.3,164.0,0.0
95.7,225.0,0.0
92.2,212.0,-0.021
89.7,103.0,0.0
92.2,222.0,0.0
93.6,206.0,0.0
87.1,30.0,0.0
85.6,186.0,0.0
93.2,138.0,0.0
97.0,218.0,0.0
80.6,75.0,0.0
93.0,211.0,-0.02
89.2,230.0,-0.037
91.1,263.0,0.0
81.6,90.0,0.0
94.3,211.0,0.0
91.6,209.0,0.0
80.4,97.0,0.0
95.0,217.0,-0.0139999999999999
95.6,154.0,0.0
92.5,222.0,0.0
92.6,226.0,0.0
90.1,243.0,0.0
89.8,124.0,0.002
92.0,227.0,0.0559999999999999
81.1,56.0,-0.024
92.6,226.0,0.0
79.6,28.0,0.0
92.4,201.0,0.0
93.7,226.0,-0.002
89.1,148.0,0.0
86.9,178.0,0.0
86.1,157.0,0.0
85.3,240.0,0.0
92.3,203.0,0.0
84.2,64.0,-0.01
90.6,152.0,-0.025
92.7,214.0,0.0
93.8,247.0,0.0
97.2,212.0,0.0
93.4,224.0,0.001
86.3,99.0,0.0
84.0,263.0,0.0
87.5,88.0,0.025
85.2,157.0,0.0
85.6,120.0,0.0
92.6,154.0,0.0
89.9,144.0,0.0
90.7,143.0,0.0
88.6,183.0,0.0
84.2,227.0,0.0
88.1,145.0,0.023
81.9,142.0,0.0
82.4,332.0,-0.001
87.4,243.0,-0.008
85.6,64.0,0.0409999999999999
94.7,234.0,-0.033
90.0,156.0,0.0
89.2,163.0,-0.025
81.7,120.0,0.0
83.8,240.0,0.0
91.6,196.0,0.0
80.5,36.0,0.0
93.2,205.0,0.0
86.2,103.0,0.0
92.4,210.0,0.0139999999999999
90.4,165.0,0.0
94.3,217.0,0.0
88.4,240.0,0.0
95.6,205.0,0.0
87.8,158.0,0.0
91.2,147.0,0.0
97.8,219.0,0.0
91.0,228.0,0.0
95.4,207.0,0.0
94.2,204.0,0.0
91.9,164.0,0.0
95.0,240.0,0.0
99.1,234.0,0.0
83.4,99.0,0.0
94.9,143.0,0.0
92.4,239.0,0.0
94.9,122.0,0.0
97.7,246.0,0.0
90.9,174.0,0.0
84.2,102.0,0.002
93.3,194.0,0.023
91.1,205.0,0.0
82.8,242.0,0.0
91.9,147.0,0.0
80.4,118.0,0.0
96.5,209.0,0.013
92.8,209.0,0.0
87.7,288.0,0.0
97.1,221.0,0.008
98.4,230.0,0.016
83.8,113.0,-0.047
92.0,122.0,0.0
92.0,166.0,0.0
93.1,217.0,0.0
92.5,204.0,0.0
81.3,102.0,0.0
94.5,108.0,0.0
82.0,290.0,-0.016
83.4,359.0,0.0
85.6,255.0,0.002
95.4,208.0,0.0
90.7,184.0,0.0
81.3,289.0,0.0
91.7,229.0,0.0
80.2,293.0,-0.04
92.1,182.0,0.0
86.9,207.0,-0.002
83.6,189.0,0.0
94.2,237.0,0.0
77.4,72.0,0.0
81.8,53.0,0.1119999999999999
86.6,137.0,0.02
94.2,116.0,0.0
88.2,257.0,0.0
95.3,173.0,0.0
89.4,117.0,0.0
93.5,209.0,0.0
89.1,74.0,0.0
87.4,124.0,0.0
86.3,249.0,0.0
94.1,201.0,0.0
88.6,244.0,0.0
90.0,209.0,-0.008
94.4,250.0,0.024
73.2,234.0,0.0
88.3,76.0,0.0
84.6,225.0,0.0
84.9,158.0,0.0
93.3,156.0,0.0
95.7,168.0,0.0
81.0,68.0,0.0
89.2,173.0,0.0
94.3,123.0,0.0
98.4,212.0,0.002
79.8,272.0,0.0
94.0,201.0,-0.001
94.5,208.0,0.0
87.8,126.0,0.0
86.0,231.0,0.0
92.7,251.0,0.0
95.0,225.0,0.0
94.8,227.0,0.0
97.0,239.0,0.0
85.1,154.0,0.025
92.7,243.0,0.0
88.9,114.0,0.089
93.5,205.0,0.0
95.0,214.0,0.0
91.8,182.0,0.139
79.2,45.0,0.0
90.5,236.0,0.0
64.6,202.0,0.0
97.4,204.0,0.0
93.3,218.0,0.0
91.0,202.0,0.106
76.7,108.0,0.0
85.9,235.0,0.0
96.2,208.0,0.0
82.9,261.0,0.017
85.5,127.0,0.0
89.1,235.0,0.0
93.8,232.0,0.0
88.0,161.0,0.0069999999999999
95.5,134.0,0.0
94.0,200.0,0.0
92.6,158.0,0.0
93.4,173.0,0.0
81.0,25.0,0.0
80.9,46.0,0.013
80.9,246.0,0.0
84.8,246.0,-0.013
90.0,198.0,-0.015
94.6,177.0,0.0
92.5,224.0,0.0
88.8,195.0,0.0
91.5,221.0,0.0
75.1,293.0,0.0
94.9,217.0,0.0
78.5,224.0,0.0
75.5,82.0,0.0
86.5,124.0,0.013
90.8,207.0,0.0
90.7,112.0,0.0
95.4,205.0,0.0
75.2,321.0,0.0
78.4,226.0,0.0
92.6,241.0,0.005
94.2,171.0,0.0
92.9,172.0,0.0
91.8,226.0,0.0
93.4,226.0,0.0
85.6,131.0,0.0
92.7,143.0,0.0
95.4,253.0,0.0
81.8,17.0,-0.055
94.0,186.0,0.0
87.1,337.0,0.0
89.9,161.0,-0.027
79.7,28.0,0.0
83.8,149.0,0.0
74.2,41.0,0.0
92.9,200.0,0.0
83.7,235.0,0.0
84.5,241.0,0.0
88.8,206.0,-0.0139999999999999
94.7,162.0,0.027
92.6,237.0,0.0
83.7,90.0,0.0
84.7,64.0,0.0
82.0,12.0,0.0
89.0,179.0,0.0
88.0,148.0,0.0
90.0,128.0,0.0
93.5,210.0,0.0
92.4,144.0,0.006
95.0,218.0,0.073
75.0,41.0,0.0
85.5,290.0,0.0
100.5,241.0,0.0
89.4,158.0,-0.002
92.8,157.0,0.0
80.1,80.0,0.013
81.3,249.0,0.0
86.2,145.0,0.0
90.0,243.0,0.0
81.3,45.0,0.0
92.4,187.0,0.0
90.3,251.0,0.0
83.3,76.0,0.0
77.7,20.0,0.0
94.4,116.0,-0.0819999999999999
91.1,151.0,0.0
92.4,122.0,0.0
93.7,231.0,0.009
86.4,248.0,0.0
93.0,201.0,0.0
88.0,196.0,0.0
96.6,141.0,0.013
94.0,209.0,0.017
92.4,211.0,0.024
85.8,321.0,0.0
92.2,184.0,0.0
93.7,193.0,0.044
91.2,150.0,-0.009
94.0,212.0,0.0
92.1,243.0,0.0
76.7,318.0,0.0
100.6,214.0,0.0
77.6,287.0,0.0
93.2,227.0,0.0
82.9,123.0,0.018
91.0,237.0,0.055
91.8,223.0,0.0
92.0,218.0,0.0
95.7,155.0,0.0
78.4,40.0,0.0
84.2,233.0,-0.046
91.2,228.0,0.0
78.4,66.0,0.0
89.3,218.0,0.0
94.8,122.0,0.035
89.1,183.0,0.0
94.4,215.0,0.0
82.6,74.0,0.0
92.8,244.0,-0.286
80.7,50.0,0.0
89.4,172.0,0.0
83.0,255.0,0.037
93.1,215.0,0.0
91.9,213.0,0.0
82.6,184.0,0.0
86.3,230.0,0.0
93.1,207.0,0.0
84.9,47.0,0.0
85.9,12.0,0.0
78.5,89.0,0.0
82.9,90.0,0.0
84.9,45.0,-0.003
79.0,22.0,0.0
89.1,124.0,0.0
94.2,204.0,0.0
95.4,214.0,0.0
81.6,20.0,0.0
90.4,254.0,0.0
92.2,159.0,0.0
89.9,174.0,0.0
93.7,195.0,0.0
89.2,173.0,0.107
97.4,169.0,0.0
89.2,36.0,0.078
93.6,166.0,0.0
93.3,166.0,0.0
86.6,256.0,0.081
91.6,141.0,-0.023
90.9,155.0,0.0
81.6,168.0,-0.046
90.9,221.0,0.0
81.5,110.0,0.0
85.2,143.0,0.0
83.1,258.0,0.0
91.1,247.0,0.0
95.8,155.0,0.0
92.5,237.0,0.0
90.3,123.0,-0.068
73.5,25.0,-0.015
94.2,207.0,-0.038
87.1,70.0,-0.006
89.6,168.0,0.0
94.0,244.0,0.0
88.6,68.0,0.0
86.2,177.0,0.022
86.3,237.0,0.0
85.6,201.0,0.0
77.8,73.0,0.0
97.5,228.0,0.0
97.6,174.0,0.025
87.9,161.0,0.0
88.6,155.0,0.0
91.4,210.0,0.0
89.7,185.0,0.0
95.2,150.0,-0.044
92.7,178.0,0.0
92.0,159.0,0.0
94.1,240.0,0.045
91.2,168.0,0.0
86.0,149.0,0.0
94.8,203.0,0.0
84.0,268.0,0.0
81.6,298.0,0.0
85.9,120.0,0.064
92.6,207.0,0.0
88.4,319.0,0.0
81.2,220.0,0.0
91.9,244.0,0.0
92.8,150.0,0.009
90.0,188.0,0.0
83.2,254.0,0.02
86.2,105.0,-0.042
92.3,209.0,0.025
91.1,156.0,-0.017
93.0,158.0,0.0
88.5,146.0,0.0
94.7,212.0,0.0
92.5,224.0,-0.013
92.6,164.0,0.0
90.6,130.0,0.0
77.6,36.0,0.0
91.3,210.0,0.0
94.4,234.0,0.0
90.5,139.0,0.0
78.3,30.0,0.0
90.6,181.0,0.0
85.0,249.0,0.0
91.1,227.0,0.0
92.7,126.0,0.034
79.4,274.0,0.0
89.7,130.0,0.0
81.6,270.0,0.0
92.2,176.0,-0.009
89.9,244.0,0.0
89.2,242.0,0.0
86.4,172.0,0.0
95.4,218.0,0.0
91.9,209.0,-0.018
92.9,109.0,0.0
97.1,233.0,0.022
91.2,250.0,0.0
91.9,195.0,0.017
76.6,63.0,0.0
88.4,186.0,-0.142
86.2,128.0,0.004
83.5,105.0,0.0
88.3,195.0,0.0
89.8,148.0,0.0
93.3,216.0,0.118
80.2,329.0,-0.015
100.5,213.0,0.0
87.0,141.0,0.0
80.3,260.0,0.0
94.0,208.0,0.0
85.4,104.0,0.0
93.9,178.0,0.0
92.9,137.0,0.0
76.8,50.0,0.0
94.9,209.0,0.16
93.3,179.0,0.0
89.0,183.0,0.0
86.7,99.0,-0.036
83.4,121.0,0.0
80.4,346.0,-0.03
96.5,141.0,-0.01
91.3,152.0,0.0
95.7,155.0,0.0
90.5,196.0,0.004
87.7,172.0,0.0
91.5,154.0,0.025
84.8,123.0,0.0
82.6,80.0,0.0
79.3,52.0,-0.046
92.5,136.0,0.0
96.6,221.0,0.0
87.6,135.0,0.0
93.0,193.0,0.0
81.9,49.0,0.0
91.1,126.0,0.084
80.1,306.0,-0.02
84.5,238.0,-0.052
82.7,107.0,0.0
94.2,171.0,0.0
84.7,105.0,0.0
77.3,88.0,-0.012
85.4,232.0,0.0
78.4,287.0,0.033
82.2,125.0,0.0
97.3,208.0,0.0
84.1,123.0,0.0
96.2,173.0,-0.0289999999999999
86.8,115.0,0.0139999999999999
82.9,246.0,0.017
94.5,200.0,0.026
91.0,145.0,0.0
98.3,214.0,0.0
82.5,106.0,-0.023
78.4,246.0,0.0
88.1,100.0,-0.066
90.8,202.0,0.0
91.5,209.0,0.0
79.3,24.0,0.0
90.8,112.0,0.0
87.5,156.0,0.051
92.2,139.0,0.0
83.7,228.0,0.008
90.4,209.0,0.0
88.4,130.0,0.023
80.2,201.0,0.0
90.6,140.0,0.0
90.6,185.0,-0.021
76.9,277.0,0.0
90.0,148.0,-0.025
86.8,220.0,0.0
81.7,77.0,0.0
84.7,200.0,0.0
93.7,214.0,-0.054
94.7,188.0,0.0
93.0,125.0,0.025
95.2,219.0,0.0
81.7,112.0,-0.034
83.4,62.0,0.0
94.9,195.0,0.0
93.0,126.0,0.044
88.0,227.0,0.0
89.0,142.0,-0.013
93.3,200.0,0.0
84.4,230.0,0.0
85.3,195.0,0.0
90.9,96.0,0.0
77.3,64.0,-0.048
93.6,203.0,0.0
90.3,236.0,0.009
94.1,143.0,0.0
81.4,16.0,0.0
82.0,12.0,0.0
88.6,143.0,0.0
91.4,122.0,-0.011
94.3,261.0,-0.011
90.9,218.0,0.0
94.5,190.0,0.006
79.9,253.0,0.0
81.0,15.0,0.008
92.5,227.0,0.0
93.5,190.0,0.0
90.4,169.0,0.0
92.4,216.0,0.0
92.4,194.0,0.09
91.8,167.0,0.0
89.6,121.0,0.0
89.6,191.0,0.0
86.6,232.0,0.0
94.4,129.0,0.076
92.4,209.0,0.0
95.3,210.0,0.0
89.5,155.0,0.0
83.9,217.0,0.0
76.5,269.0,0.023
69.0,139.0,-0.001
96.5,204.0,0.013
90.1,217.0,0.011
87.4,187.0,0.0
87.0,243.0,0.02
69.9,289.0,0.0
92.0,138.0,-0.0139999999999999
91.1,155.0,0.0
81.4,134.0,0.0
87.0,232.0,0.0
92.8,212.0,0.0
82.6,107.0,0.0
95.1,225.0,0.0
95.2,178.0,-0.011
91.7,132.0,0.0
91.7,231.0,0.0
81.1,91.0,-0.03
96.6,230.0,0.036
87.8,98.0,0.0
92.6,130.0,0.0
93.1,197.0,0.0
93.1,136.0,0.0
87.0,196.0,0.0
92.1,190.0,0.0
86.8,222.0,0.0
81.6,195.0,0.01
89.3,154.0,0.0
84.7,58.0,0.0
90.5,156.0,-0.0069999999999999
81.9,72.0,0.0
86.0,230.0,0.0
97.5,196.0,0.0
89.5,195.0,0.031
90.9,115.0,0.0
92.1,265.0,0.0
93.0,194.0,0.012
94.4,220.0,0.115
101.2,252.0,-0.0069999999999999
96.2,130.0,0.0
89.8,210.0,0.0
97.0,160.0,0.065
91.6,230.0,0.0
101.5,231.0,0.0
83.5,119.0,0.0
85.1,111.0,0.0
91.5,162.0,0.0
90.4,211.0,0.0
96.6,151.0,0.0
87.6,243.0,0.0
86.9,266.0,0.045
82.1,84.0,0.0
95.2,192.0,-0.002
91.6,210.0,0.0
86.3,143.0,0.018
89.8,136.0,0.0
93.0,242.0,0.0
80.7,72.0,0.0
94.7,211.0,0.04
75.0,325.0,0.0
84.5,164.0,0.0
91.4,113.0,0.053
85.4,129.0,0.0
94.4,209.0,0.0
95.0,123.0,0.0
84.2,119.0,-0.059
75.8,70.0,0.0
94.9,201.0,-0.035
85.4,212.0,0.0
93.4,203.0,0.0
89.5,254.0,0.022
95.6,211.0,0.0
97.7,212.0,0.0
88.2,270.0,0.0
96.4,199.0,0.0
92.3,195.0,0.0
89.7,191.0,0.0
92.5,201.0,0.0
80.3,106.0,0.0
99.0,211.0,0.0
92.2,220.0,-0.078
97.3,207.0,0.0
95.1,193.0,0.0
90.7,140.0,0.009
83.8,120.0,0.0
78.8,340.0,-0.04
79.1,12.0,0.0
85.1,188.0,0.0409999999999999
83.9,212.0,0.0
96.4,244.0,0.0
96.5,203.0,0.0
86.0,241.0,-0.04
94.6,200.0,-0.0069999999999999
87.7,168.0,0.0
77.7,338.0,0.0
93.3,174.0,0.0
96.6,217.0,0.0
88.6,88.0,0.0
73.1,295.0,0.0
96.4,202.0,0.0
79.5,26.0,0.0
93.9,249.0,0.0
72.8,75.0,0.0
87.0,221.0,0.0
76.2,48.0,0.0
98.5,199.0,0.0
85.8,257.0,0.081
90.3,174.0,0.0
91.3,224.0,0.0
91.2,266.0,0.0
87.5,184.0,0.0
92.3,209.0,0.0
91.9,206.0,0.0
73.2,355.0,0.0
90.5,234.0,0.0
91.8,248.0,0.0
92.4,252.0,0.0
77.6,301.0,0.0
97.7,211.0,0.0
86.3,197.0,0.0
90.2,215.0,0.175
87.1,223.0,0.0
76.8,54.0,0.0
86.7,175.0,0.0
96.1,181.0,0.0
88.7,80.0,0.0
90.7,181.0,0.0
91.8,155.0,0.0
93.8,237.0,-0.027
90.0,225.0,0.0
91.1,144.0,0.0
93.4,221.0,0.042
93.2,215.0,0.0
85.4,146.0,0.0
84.2,223.0,0.0
86.0,247.0,0.0
91.9,183.0,0.0
90.7,147.0,-0.071
93.5,199.0,-0.03
91.9,233.0,0.0
79.8,128.0,0.0
91.5,159.0,0.0
82.6,38.0,-0.0069999999999999
84.6,110.0,0.0
86.9,100.0,0.0
83.4,0.0,0.0
93.2,163.0,0.0
81.3,108.0,0.0
96.5,143.0,0.0
92.7,183.0,-0.033
94.5,148.0,0.021
93.2,211.0,0.0
91.5,246.0,0.0
91.6,200.0,-0.027
91.1,128.0,-0.023
92.4,193.0,0.0
92.4,139.0,0.0
92.3,156.0,0.0
83.2,217.0,0.005
97.3,259.0,0.0
81.0,136.0,0.0
90.8,139.0,0.0
84.0,16.0,0.0
96.8,217.0,0.0
94.6,134.0,0.0069999999999999
84.7,223.0,-0.043
96.0,246.0,0.0
86.9,110.0,0.0
90.7,113.0,0.018
79.8,329.0,0.0
93.0,213.0,0.0
94.3,221.0,0.0
82.0,273.0,0.0
80.3,222.0,0.0
94.5,217.0,0.0
99.5,204.0,0.0
93.4,131.0,0.024
79.8,357.0,0.0
94.2,216.0,0.0
85.7,217.0,0.0
86.4,155.0,0.0
89.4,125.0,0.0
81.5,283.0,-0.0139999999999999
95.5,209.0,0.0
87.0,241.0,0.0
86.6,126.0,-0.036
90.2,171.0,-0.021
90.4,185.0,0.0
92.0,159.0,0.0
78.3,37.0,0.0
93.3,118.0,0.0289999999999999
90.6,218.0,0.0
93.4,244.0,-0.013
89.0,225.0,0.0
91.4,178.0,-0.004
93.3,143.0,-0.021
83.4,126.0,0.0
84.6,228.0,0.0
93.9,200.0,0.033
96.2,205.0,0.0
85.0,287.0,0.0
89.4,274.0,0.0
98.6,210.0,0.0
95.2,196.0,0.0
88.2,255.0,0.0
90.9,245.0,-0.0069999999999999
94.9,199.0,0.0
90.0,197.0,0.0
95.4,211.0,0.004
89.6,249.0,0.0
91.2,142.0,0.0
93.6,148.0,0.003
91.1,139.0,0.005
95.0,211.0,0.0
86.0,107.0,0.0
86.5,104.0,0.0
87.8,157.0,0.0
97.5,224.0,0.0
96.0,181.0,-0.024
91.1,138.0,0.0
88.5,256.0,0.017
90.5,205.0,0.0
87.5,165.0,0.0
88.4,129.0,-0.016
84.6,81.0,0.043
83.7,307.0,0.0
92.9,204.0,0.045
91.2,239.0,-0.024
86.7,116.0,0.072
91.6,148.0,0.0
82.1,81.0,0.0
73.9,308.0,0.024
90.8,255.0,0.022
95.6,197.0,0.0
84.2,279.0,0.006
89.4,126.0,0.0
79.5,279.0,0.0
92.1,149.0,0.0
82.9,235.0,0.0
86.8,86.0,0.021
91.1,153.0,0.0
82.6,107.0,0.0
95.8,212.0,0.0
93.4,147.0,0.0
96.1,233.0,0.0
95.0,218.0,0.0
84.4,113.0,0.0
95.0,217.0,-0.008
94.3,125.0,0.0
86.8,261.0,0.0
86.5,258.0,0.022
88.2,153.0,0.0
92.4,120.0,-0.031
96.7,132.0,-0.001
89.4,231.0,0.0
92.7,201.0,0.0
80.6,37.0,0.0
94.2,213.0,0.0
82.5,37.0,0.0
87.0,125.0,0.0
93.2,185.0,0.0
93.7,223.0,0.019
94.5,149.0,-0.013
94.6,233.0,0.0
94.6,195.0,0.0
84.0,212.0,0.0
92.5,253.0,0.099
93.1,148.0,0.0
99.3,218.0,0.0
87.3,23.0,-0.0579999999999999
96.4,164.0,0.0
81.1,249.0,0.0
93.8,170.0,0.0
84.7,242.0,0.03
97.0,207.0,0.025
80.6,56.0,0.0
80.4,9.0,0.0
95.2,197.0,0.0
82.4,324.0,-0.031
79.8,52.0,0.0
85.9,242.0,0.0
87.4,128.0,-0.01
90.6,143.0,0.0
89.9,137.0,0.0
90.9,127.0,0.0
84.4,122.0,0.0
80.7,246.0,0.01
72.0,297.0,0.0
97.8,249.0,0.0
91.8,163.0,0.0
91.0,162.0,0.0579999999999999
92.7,202.0,-0.033
94.7,208.0,0.0
79.5,58.0,0.0
91.1,222.0,0.0
78.2,295.0,0.0
83.0,52.0,0.0
91.0,154.0,0.0
96.1,196.0,0.037
74.3,358.0,0.0
80.9,47.0,-0.03
80.6,83.0,0.0
84.8,36.0,0.0
84.2,268.0,0.0
93.0,252.0,0.0
79.7,342.0,0.0
92.0,251.0,0.0
89.3,164.0,0.0
91.4,168.0,0.0
92.8,145.0,0.0
92.9,144.0,0.0
92.6,161.0,0.0
76.6,52.0,0.0
92.9,214.0,0.0
95.1,203.0,0.051
95.9,223.0,0.0
82.3,224.0,0.0
89.1,89.0,0.0
73.7,332.0,-0.016
88.9,220.0,0.0
96.4,208.0,0.0
93.8,131.0,0.0
82.1,16.0,0.0
84.4,199.0,-0.024
84.0,61.0,-0.002
84.6,61.0,0.026
92.1,200.0,0.0
94.1,196.0,0.0
72.2,288.0,0.0
92.0,195.0,-0.003
77.1,46.0,0.0
85.8,11.0,0.02
79.0,305.0,0.03
78.8,42.0,0.0
97.4,222.0,-0.046
92.0,205.0,0.0
80.4,59.0,0.0
96.8,219.0,0.0
81.1,46.0,-0.013
85.0,79.0,0.0
96.5,245.0,0.0
74.6,307.0,0.0
91.0,153.0,0.0
97.6,209.0,0.0
82.3,111.0,0.0
92.3,147.0,0.0
83.6,74.0,0.0
84.2,239.0,0.0
90.8,108.0,0.0
95.0,126.0,0.024
95.9,168.0,0.0
91.7,159.0,0.0
91.7,202.0,0.0
88.2,257.0,0.0
95.6,233.0,0.0
80.0,120.0,-0.012
88.4,160.0,-0.013
84.8,140.0,0.0
95.0,224.0,-0.001
81.1,91.0,0.0
90.8,124.0,0.0
93.4,217.0,0.0
89.6,158.0,0.0
98.4,217.0,0.0
90.9,192.0,0.0
78.9,97.0,0.0
84.9,170.0,0.0
82.7,42.0,-0.086
85.8,169.0,0.0
90.6,232.0,0.012
87.2,119.0,0.01
81.8,54.0,0.0
90.5,227.0,-0.0279999999999999
96.1,229.0,0.0
81.5,34.0,-0.03
90.3,145.0,-0.0279999999999999
86.5,147.0,0.0
91.1,198.0,0.0
89.0,168.0,0.0
85.7,261.0,0.0
78.2,295.0,0.0
95.4,225.0,0.0
93.2,251.0,0.0
85.9,211.0,0.0
83.5,75.0,0.0139999999999999
81.2,167.0,0.0
97.6,217.0,0.0
94.1,200.0,0.0
89.8,105.0,0.0
90.2,146.0,0.018
87.7,254.0,0.0
90.1,110.0,0.01
89.3,242.0,0.0
90.8,131.0,0.011
92.5,219.0,0.001
87.5,157.0,0.0
82.5,84.0,-0.02
94.3,211.0,0.0
80.8,44.0,0.0
93.0,209.0,0.0
95.2,213.0,0.015
90.9,219.0,0.0
77.3,21.0,0.0
74.5,312.0,0.0
85.4,78.0,0.0
84.6,125.0,0.0
71.9,344.0,0.0
80.8,75.0,-0.009
80.5,279.0,0.032
97.7,176.0,0.0
87.3,208.0,0.0
92.9,100.0,0.0
83.7,243.0,0.009
93.5,211.0,0.0
96.9,213.0,0.0
92.8,153.0,0.0
92.5,104.0,0.001
95.4,255.0,-0.134
83.6,230.0,0.0
86.3,238.0,0.0
88.2,146.0,0.023
84.0,76.0,-0.0279999999999999
92.9,119.0,-0.0819999999999999
84.6,313.0,0.0
86.7,101.0,0.0
101.2,236.0,-0.035
90.1,222.0,0.0
97.3,202.0,0.0
83.3,108.0,0.0
87.6,148.0,0.0
94.8,227.0,0.0
90.6,217.0,0.0
78.6,115.0,0.0
81.9,278.0,0.0
83.1,87.0,0.0
93.7,172.0,0.0
87.9,212.0,0.0
97.0,201.0,0.0
80.5,74.0,-0.115
86.1,183.0,0.0
81.6,33.0,0.0
90.4,144.0,-0.069
90.0,143.0,0.04
97.5,222.0,0.0
91.5,149.0,0.0
91.1,215.0,0.0
88.1,108.0,0.0
97.2,234.0,0.0
95.5,139.0,0.0
77.5,56.0,0.0
94.4,205.0,0.0
93.5,184.0,-0.004
94.0,205.0,0.0
91.7,201.0,0.002
96.5,187.0,0.01
85.6,209.0,0.008
90.5,144.0,0.0
89.1,184.0,0.0
93.5,237.0,0.0
95.4,198.0,0.0
81.8,277.0,0.05
90.3,145.0,0.0
96.2,220.0,0.0
83.6,229.0,0.0
97.7,179.0,0.023
89.8,200.0,0.0
88.3,186.0,0.0
93.8,214.0,0.051
93.5,205.0,0.0
86.6,130.0,0.0
92.8,239.0,0.0
88.9,193.0,0.012
94.7,199.0,0.0
92.8,172.0,0.0
91.2,244.0,0.0
71.1,68.0,0.0
82.5,309.0,0.0
94.2,209.0,0.0
90.6,141.0,-0.033
92.9,212.0,0.0
89.2,252.0,0.0
81.2,52.0,0.0
88.8,217.0,0.0
85.4,103.0,0.0
97.5,211.0,0.0
94.5,142.0,0.046
94.2,233.0,0.0
86.6,216.0,0.0
99.5,139.0,0.0
86.7,122.0,0.009
83.1,261.0,0.0
94.8,211.0,0.0
91.6,150.0,0.0
78.7,290.0,0.09
87.1,149.0,-0.011
93.3,114.0,0.0
76.4,119.0,0.0
82.8,105.0,0.0
93.9,143.0,0.0
91.7,130.0,0.038
83.9,260.0,-0.019
77.4,306.0,0.038
87.7,255.0,0.0
92.4,232.0,0.0
83.6,47.0,-0.012
94.9,239.0,0.0
77.7,88.0,0.033
79.2,285.0,0.0
90.4,148.0,0.0
90.5,220.0,0.0
92.2,229.0,0.0
92.0,146.0,0.0
84.3,96.0,0.0
82.8,237.0,0.0
91.5,131.0,0.016
93.8,221.0,0.026
91.9,113.0,0.0
96.8,198.0,0.0
98.5,148.0,0.0
92.2,139.0,-0.022
91.6,129.0,0.0
91.2,94.0,0.0
72.3,326.0,0.0
89.0,185.0,0.0
77.3,337.0,0.0
89.0,180.0,-0.013
90.5,169.0,0.0
95.0,217.0,-0.009
97.4,183.0,0.0
84.6,120.0,0.0
88.6,190.0,-0.064
95.8,207.0,0.0
90.0,193.0,0.0
95.2,227.0,0.0
90.7,206.0,-0.03
89.2,160.0,0.0
96.7,231.0,0.0
90.9,159.0,0.0
82.9,39.0,-0.049
78.5,16.0,0.0
90.3,187.0,0.0
84.3,149.0,0.0
86.4,118.0,0.0
78.2,327.0,0.013
78.8,51.0,0.0
93.8,183.0,0.0
74.3,43.0,0.0
94.0,190.0,0.0
94.2,241.0,0.0
84.3,294.0,0.027
84.3,254.0,0.0
97.3,183.0,-0.022
96.7,210.0,0.0
86.8,172.0,0.0
95.2,208.0,0.022
89.5,99.0,0.0
97.8,193.0,-0.0409999999999999
88.9,268.0,0.031
79.7,16.0,0.0
91.1,251.0,0.001
96.4,222.0,0.0
93.7,146.0,0.0
92.8,227.0,0.0
79.5,90.0,0.0
84.3,82.0,0.0
91.0,143.0,0.0
99.0,188.0,0.0
86.6,238.0,0.0
83.1,306.0,0.0
80.4,39.0,0.0
84.5,305.0,0.0
93.2,154.0,0.0
90.3,178.0,0.0
87.8,238.0,0.0
90.3,130.0,0.0
92.7,194.0,0.026
92.7,142.0,0.0
85.0,154.0,0.0
82.7,259.0,0.0
76.8,321.0,0.0
90.3,124.0,0.0
90.1,149.0,0.0
91.2,176.0,-0.061
88.5,229.0,0.0
93.3,209.0,0.0
94.0,150.0,-0.02
82.6,275.0,0.005
82.0,78.0,0.039
80.9,37.0,0.0
93.3,148.0,0.033
89.6,270.0,0.0
92.2,100.0,-0.006
85.4,270.0,0.008
97.9,218.0,0.0
87.3,254.0,0.0
78.8,237.0,0.0
92.2,164.0,0.0
85.8,32.0,0.087
86.3,123.0,0.0
89.3,155.0,0.0
80.4,107.0,0.0
94.4,231.0,-0.009
83.9,247.0,0.0
84.3,265.0,0.0
90.9,192.0,0.02
83.3,216.0,0.0
93.9,249.0,0.02
87.7,231.0,0.0
92.8,173.0,0.0
94.3,157.0,0.0
97.2,212.0,0.0
85.8,202.0,-0.017
84.2,261.0,0.0
73.3,315.0,-0.024
90.0,122.0,0.0
72.0,295.0,0.0
85.8,170.0,0.0
82.8,102.0,0.0
93.5,230.0,0.0
93.6,202.0,0.0
93.7,213.0,0.0
95.8,196.0,0.0
86.9,73.0,0.0
92.9,237.0,0.003
92.2,225.0,0.0
91.5,224.0,0.0
80.1,50.0,0.0
85.5,144.0,-0.023
79.9,335.0,-0.023
84.6,88.0,-0.034
93.2,249.0,0.0
89.9,175.0,0.0
96.3,188.0,0.0
87.5,130.0,-0.021
70.8,45.0,0.0
80.6,243.0,0.0
91.3,123.0,0.0
90.8,150.0,0.0
89.1,82.0,0.0
92.7,206.0,0.0
90.8,214.0,0.0
94.2,120.0,0.0
95.9,219.0,0.0139999999999999
85.2,101.0,-0.017
89.0,99.0,0.0
83.4,72.0,-0.042
83.8,122.0,0.024
85.0,218.0,-0.026
77.8,326.0,-0.005
95.9,233.0,0.0
83.1,237.0,0.0
82.4,99.0,0.0
94.1,211.0,0.0559999999999999
90.6,155.0,0.0
87.0,246.0,0.0
87.4,26.0,0.0
81.9,266.0,-0.012
90.0,202.0,-0.005
75.6,55.0,0.015
93.7,190.0,0.0579999999999999
96.0,223.0,0.12
92.8,210.0,0.0
80.2,108.0,0.021
78.6,76.0,-0.084
85.4,60.0,0.0
102.6,209.0,0.0
94.5,215.0,-0.001
95.5,188.0,0.0
93.5,222.0,-0.057
95.6,224.0,0.0
88.2,120.0,0.0
78.7,253.0,-0.166
95.0,221.0,0.0
92.0,245.0,0.033
86.9,140.0,0.0
89.7,88.0,0.0
82.8,174.0,0.0
77.5,139.0,-0.008
83.3,162.0,0.0
90.8,176.0,0.0
98.6,217.0,0.0
94.7,133.0,0.0
88.0,173.0,-0.047
93.7,213.0,0.053
96.1,198.0,0.024
80.9,61.0,0.0
90.3,129.0,0.02
85.7,144.0,0.0
91.8,224.0,-0.01
91.2,184.0,0.0
91.5,159.0,0.0
95.4,246.0,0.04
98.6,240.0,-0.072
89.8,211.0,0.0
93.8,114.0,0.0
96.7,212.0,0.0
89.9,246.0,0.003
83.2,123.0,0.0
86.3,55.0,-0.0409999999999999
73.0,27.0,0.0
97.3,224.0,0.0
91.5,249.0,0.0
78.7,312.0,0.0
79.2,64.0,0.0
86.0,200.0,0.0
92.2,216.0,0.0
93.8,208.0,0.0
91.5,165.0,0.0
90.6,198.0,0.033
91.9,191.0,0.0
81.6,242.0,0.0
90.7,219.0,0.0
92.5,163.0,0.0
81.5,108.0,0.0
92.6,235.0,0.0
88.1,138.0,0.0279999999999999
93.9,199.0,0.0
86.8,247.0,0.0
99.9,236.0,0.0
92.9,235.0,0.0
95.7,195.0,0.0
80.1,30.0,0.0
97.3,204.0,0.018
82.8,248.0,0.0
89.1,131.0,-0.006
93.3,243.0,0.0
77.8,48.0,0.0
91.0,152.0,-0.098
90.2,115.0,0.0
92.0,245.0,0.0
88.0,228.0,0.0
85.2,279.0,0.0
80.6,52.0,0.0
84.9,119.0,0.023
89.4,246.0,0.023
87.9,215.0,0.016
81.7,317.0,0.0
93.5,214.0,0.0
82.9,133.0,0.017
96.8,194.0,0.0
81.2,34.0,-0.011
84.5,137.0,0.0
80.6,83.0,0.0
86.8,156.0,0.0
95.9,231.0,0.0
93.1,177.0,0.0
86.6,275.0,0.054
89.5,182.0,0.0
81.1,31.0,0.0
92.0,162.0,0.0
94.3,225.0,0.0
96.4,190.0,0.0
92.9,203.0,0.009
77.8,253.0,0.024
78.6,254.0,0.057
88.5,114.0,0.039
94.3,234.0,0.0
83.8,261.0,0.0
90.7,152.0,0.0
93.2,218.0,0.025
90.9,112.0,0.0
77.2,95.0,0.0
80.9,22.0,0.072
84.6,231.0,0.0
78.4,51.0,0.021
88.4,251.0,0.0
93.0,214.0,0.043
88.1,90.0,0.0
81.9,90.0,0.0279999999999999
90.7,147.0,0.0
93.7,104.0,0.0
79.5,37.0,-0.038
93.6,177.0,0.0
78.1,221.0,0.017
94.3,178.0,0.0
94.8,203.0,0.031
94.6,235.0,0.0
92.7,146.0,0.0
93.8,149.0,0.0
82.7,26.0,0.0
96.7,214.0,0.0
99.5,215.0,-0.11
84.4,109.0,0.0
94.7,214.0,0.0
81.0,118.0,-0.011
85.2,209.0,0.0
93.5,132.0,0.0
90.7,214.0,0.0
90.3,255.0,0.0
93.9,213.0,0.0
82.7,9.0,0.0
92.5,160.0,0.0
90.7,122.0,-0.034
96.2,220.0,0.0
94.5,147.0,0.0
93.8,235.0,0.0
88.9,161.0,0.0
91.8,203.0,0.0
93.5,213.0,0.0
82.6,48.0,0.0
87.2,150.0,0.0
89.2,186.0,0.0
81.5,297.0,-0.005
93.6,243.0,0.0
90.4,258.0,0.0
78.2,55.0,0.0
93.4,236.0,0.0
79.7,234.0,0.0
71.8,325.0,0.0
81.9,40.0,0.023
79.2,126.0,0.043
72.1,75.0,0.0
71.2,296.0,0.0
86.5,191.0,0.0
92.6,133.0,-0.044
93.5,195.0,0.0
93.7,202.0,0.0
91.7,158.0,0.0
85.6,195.0,0.0
95.8,193.0,0.0
93.2,216.0,0.0
85.8,62.0,0.0
98.3,208.0,0.008
81.5,105.0,0.011
92.2,150.0,0.033
96.2,227.0,0.0
82.5,86.0,0.0
88.0,180.0,0.024
89.7,153.0,-0.06
89.1,143.0,0.0
94.5,146.0,0.0
93.0,189.0,-0.09
88.6,148.0,-0.0139999999999999
91.1,264.0,0.0
79.9,14.0,0.0
92.1,237.0,-0.02
85.7,149.0,0.0
80.0,32.0,0.0
92.3,237.0,0.0
86.2,224.0,0.017
86.2,122.0,0.0
92.0,204.0,0.0
90.7,139.0,0.0
85.1,29.0,0.0
94.1,233.0,0.0
76.6,202.0,0.0
92.5,185.0,0.0
91.5,172.0,-0.023
94.4,171.0,0.0
71.8,59.0,0.0
88.0,112.0,0.0
77.6,21.0,0.0
88.8,170.0,0.0
94.8,209.0,0.0
91.6,188.0,0.0
85.3,158.0,-0.024
95.5,192.0,-0.04
91.0,137.0,0.0
91.0,234.0,0.0
78.5,58.0,0.0
95.2,195.0,0.0
96.1,141.0,0.0
84.8,226.0,0.0
91.1,151.0,0.0
92.7,222.0,-0.018
86.9,79.0,0.001
94.9,238.0,0.0
88.1,206.0,0.005
91.3,92.0,0.0
91.5,235.0,0.0
91.2,122.0,0.0
85.5,246.0,0.0
90.3,121.0,0.0
89.9,136.0,0.0
82.2,242.0,0.0
93.3,143.0,-0.016
94.6,147.0,0.0
92.2,222.0,0.0
95.9,212.0,0.0
96.5,215.0,0.0
80.7,95.0,0.0
81.6,36.0,-0.01
89.0,182.0,0.0
98.0,201.0,0.0
91.1,121.0,0.0
81.1,55.0,0.0
94.3,198.0,0.0
93.9,234.0,0.0
91.8,209.0,0.0
94.5,235.0,0.0
92.8,209.0,0.0
87.4,210.0,-0.012
95.8,232.0,0.0
92.9,140.0,0.001
71.7,47.0,0.0
86.2,105.0,0.0
87.8,120.0,0.008
93.4,194.0,0.0
91.7,241.0,-0.0069999999999999
86.6,155.0,0.0
92.7,95.0,-0.0279999999999999
96.6,152.0,0.0
82.0,59.0,0.024
98.7,207.0,0.0
91.5,189.0,-0.025
87.4,90.0,-0.009
86.8,225.0,0.0
91.1,255.0,0.0
92.9,160.0,0.0
90.2,217.0,0.0
89.1,261.0,0.25
92.9,114.0,0.0
76.9,48.0,0.0
93.4,201.0,0.0
91.4,193.0,0.0
91.1,120.0,0.0
88.6,138.0,0.0
91.8,261.0,0.0
97.2,150.0,0.0
87.0,239.0,-0.002
91.3,240.0,0.0
86.7,272.0,0.0
91.7,224.0,-0.004
98.5,228.0,0.0
79.4,144.0,0.005
94.4,203.0,0.0
84.0,155.0,0.0
84.1,147.0,0.0
87.5,224.0,0.0
79.1,327.0,0.0
77.7,324.0,0.0
94.7,219.0,0.0
92.6,216.0,0.01
95.3,184.0,0.0
94.5,161.0,0.0
77.3,53.0,0.0
90.4,200.0,0.0
94.0,203.0,0.0
81.1,54.0,0.0
80.9,33.0,0.0
93.9,220.0,0.0
78.5,20.0,0.0
79.1,28.0,0.0
80.9,121.0,0.0
91.3,95.0,0.0
84.2,72.0,0.0
81.0,208.0,0.0
91.0,161.0,0.0
92.3,223.0,-0.086
99.7,202.0,0.0
95.0,231.0,0.0
82.4,95.0,0.0
91.6,190.0,0.0
92.1,177.0,0.0
79.0,61.0,0.0
82.7,102.0,0.0
89.7,232.0,0.0
82.0,96.0,0.0
83.0,275.0,0.026
90.3,129.0,0.0
95.6,229.0,0.0
100.0,198.0,0.0
78.1,127.0,0.0
81.5,257.0,0.0
93.9,217.0,0.0
89.2,221.0,0.0
85.8,246.0,0.0
86.0,257.0,0.0
71.7,55.0,0.0
86.1,157.0,0.0
80.0,56.0,0.0
84.5,54.0,0.0
94.4,224.0,0.0
94.8,210.0,0.021
87.8,180.0,0.0
88.3,166.0,0.0
81.6,24.0,0.03
93.4,179.0,0.001
77.4,32.0,0.0
92.6,169.0,-0.0289999999999999
83.9,267.0,0.0
93.7,127.0,0.0
96.2,164.0,0.0
95.8,205.0,0.0
83.3,53.0,0.0
94.9,114.0,0.0
93.8,213.0,0.0
77.2,334.0,0.099
92.6,211.0,0.0
87.0,206.0,0.0
93.8,232.0,0.0
90.3,182.0,0.0
92.0,197.0,0.0
87.0,192.0,0.0
92.4,240.0,0.0
92.8,195.0,0.0
86.5,43.0,0.0
84.0,98.0,0.0
90.4,162.0,0.0
90.9,223.0,0.017
80.5,59.0,0.0
93.5,229.0,0.009
92.1,189.0,0.0
91.2,249.0,-0.009
91.6,113.0,0.0
86.1,148.0,0.0
82.1,111.0,-0.013
85.0,188.0,0.0
82.7,133.0,0.0
94.2,209.0,0.0
93.1,198.0,-0.023
95.1,220.0,0.0
80.8,218.0,0.0
83.5,39.0,0.0
93.8,216.0,0.0
93.9,165.0,0.0
83.0,104.0,-0.0139999999999999
86.3,214.0,0.0
80.5,56.0,0.0
93.8,239.0,0.0
93.4,264.0,0.0
91.7,182.0,-0.004
80.1,354.0,0.0
93.6,208.0,0.0
93.0,113.0,0.0
90.3,143.0,0.0
90.3,137.0,0.018
84.9,125.0,0.0
81.4,33.0,0.0
87.7,168.0,0.0
93.1,152.0,0.0
79.2,75.0,0.0
71.8,51.0,0.008
89.3,148.0,0.0
80.8,348.0,0.025
90.6,244.0,0.0
90.7,126.0,0.0
87.8,162.0,0.0
86.9,262.0,-0.113
93.5,193.0,0.022
97.0,195.0,0.012
93.2,198.0,0.0
86.5,242.0,0.0
92.0,165.0,0.037
91.2,113.0,0.0
83.6,239.0,0.0
92.5,144.0,0.0
93.8,231.0,0.0
87.9,188.0,0.0
99.1,201.0,0.0
89.9,147.0,0.0
95.7,150.0,0.0
91.1,280.0,0.0
90.9,206.0,0.0
80.7,104.0,0.0
91.6,168.0,0.0
82.1,326.0,0.0
89.7,199.0,-0.009
82.1,241.0,0.0
86.5,165.0,0.0
95.8,216.0,0.0
94.5,158.0,0.0
95.2,221.0,0.0
86.8,114.0,0.08
92.3,183.0,0.0
89.9,222.0,0.0
93.5,203.0,-0.018
88.9,211.0,0.0
87.9,203.0,0.0
94.6,198.0,0.0
80.7,58.0,0.0
83.9,139.0,0.0
90.6,221.0,0.0
87.2,191.0,0.0
86.7,127.0,0.0
93.5,165.0,0.004
98.2,244.0,-0.09
93.2,247.0,0.0
82.6,75.0,0.0
90.9,211.0,-0.065
89.6,213.0,0.036
78.7,100.0,0.0
90.4,209.0,0.0
91.5,120.0,0.0
91.8,230.0,-0.0289999999999999
93.3,198.0,0.0
82.2,76.0,0.0
81.6,22.0,-0.022
95.1,217.0,0.0
93.7,218.0,0.0
83.9,164.0,0.0
93.4,246.0,0.039
78.0,57.0,-0.085
89.9,154.0,0.0
88.1,159.0,0.0
74.6,341.0,0.0
87.6,185.0,0.0
75.6,273.0,0.024
89.3,284.0,0.0
92.0,182.0,0.0279999999999999
94.9,251.0,0.0
95.5,199.0,0.0
85.8,65.0,0.0
98.5,202.0,0.0
89.0,160.0,0.0
97.0,223.0,0.0
82.7,22.0,0.0
89.3,192.0,0.0
84.2,84.0,0.0
93.3,203.0,0.0
83.0,239.0,0.0
87.1,196.0,0.0
87.5,223.0,-0.265
91.4,195.0,0.0
79.6,229.0,0.03
81.5,305.0,0.0
86.8,98.0,-0.023
88.7,59.0,0.043
96.2,207.0,0.0
91.7,210.0,0.0
84.2,140.0,0.0
92.2,130.0,0.0
82.1,16.0,0.0
97.0,245.0,0.0
92.2,240.0,0.0
84.6,274.0,0.002
89.5,169.0,-0.016
91.2,104.0,0.0
98.5,185.0,-0.011
84.9,140.0,0.0
96.0,160.0,0.0
75.8,203.0,0.0
81.5,107.0,0.0
75.5,27.0,0.0
82.8,233.0,0.0
94.0,248.0,0.012
83.1,110.0,0.0
95.8,149.0,0.0
92.6,99.0,-0.032
82.5,337.0,0.0
83.6,59.0,0.018
78.6,32.0,0.004
81.7,113.0,0.0
97.5,216.0,0.0
77.0,122.0,0.043
86.1,245.0,0.0
76.6,334.0,0.0
82.3,108.0,0.0
91.4,117.0,0.0
93.5,200.0,-0.012
93.9,214.0,0.0
93.2,166.0,0.0
89.5,232.0,0.016
91.7,224.0,0.0
88.2,125.0,0.0
77.9,20.0,0.0
71.3,325.0,0.0
93.9,142.0,0.0
80.3,27.0,0.0
96.5,227.0,0.0
91.0,228.0,0.0
94.3,214.0,0.0
92.8,224.0,0.0
98.4,215.0,0.0
92.7,146.0,0.0
94.0,217.0,0.0
92.4,108.0,0.0
90.3,133.0,0.0
97.1,247.0,0.01
93.9,203.0,0.0
83.0,86.0,0.099
78.3,101.0,0.0
88.0,218.0,0.0
90.9,112.0,0.0
94.3,205.0,0.0
89.1,124.0,0.012
90.4,212.0,0.0
94.7,113.0,0.011
89.4,142.0,0.0
88.0,239.0,0.016
88.5,146.0,0.0
88.2,244.0,0.0
89.3,164.0,0.0
79.3,110.0,0.0
83.8,113.0,0.0
88.2,160.0,0.0
91.5,160.0,0.0279999999999999
92.4,124.0,0.0
91.8,225.0,0.0
87.6,254.0,0.0
85.3,159.0,0.0
95.5,245.0,0.0
90.7,76.0,-0.273
89.3,162.0,0.0
86.5,166.0,0.0
92.4,134.0,-0.025
83.8,254.0,0.0
93.0,155.0,0.0
91.6,222.0,-0.103
78.6,326.0,0.0069999999999999
90.4,142.0,0.0
95.7,227.0,0.0
86.6,205.0,0.0
95.5,205.0,0.009
81.2,114.0,0.012
99.9,265.0,-0.057
90.0,238.0,0.016
93.0,163.0,0.032
88.6,150.0,0.0
95.2,192.0,0.02
89.4,231.0,0.0
93.3,187.0,0.0
91.5,146.0,0.0
81.3,172.0,0.0
92.6,200.0,0.0
91.4,142.0,0.0
89.0,128.0,0.0139999999999999
95.3,213.0,0.0
92.8,155.0,0.0279999999999999
83.5,174.0,-0.025
81.5,126.0,0.0
89.5,226.0,0.0
85.8,191.0,0.033
92.1,231.0,0.0
88.6,238.0,0.0
96.8,162.0,0.0
85.6,228.0,-0.009
89.4,250.0,-0.017
69.3,35.0,0.033
94.2,158.0,0.0
96.3,227.0,0.0
87.6,222.0,0.0
95.9,192.0,0.09
88.9,111.0,0.0
92.0,141.0,0.0
86.7,146.0,-0.063
75.8,63.0,0.0
82.8,32.0,-0.021
91.0,165.0,-0.011
97.9,197.0,0.0
85.1,109.0,0.033
81.4,97.0,0.0
94.9,182.0,0.0
91.5,215.0,0.0
92.3,222.0,0.0
89.3,213.0,0.0
92.3,243.0,0.02
95.2,164.0,0.0
90.8,216.0,0.0
88.7,251.0,0.023
91.1,178.0,0.0
83.6,142.0,0.0139999999999999
92.8,208.0,0.0
88.7,187.0,0.0
94.3,215.0,0.0
78.7,24.0,0.0
82.1,113.0,0.0
93.0,249.0,0.0
92.6,192.0,0.0
90.7,211.0,0.0
99.1,215.0,0.0579999999999999
89.3,150.0,0.0
80.5,118.0,0.0
89.5,221.0,0.017
90.2,132.0,0.0
82.7,241.0,0.0
86.2,121.0,-0.002
83.8,47.0,0.0
80.4,82.0,-0.011
91.2,221.0,0.0
84.1,235.0,0.0
84.1,258.0,0.0
98.0,198.0,0.0
90.4,193.0,0.0
93.9,213.0,-0.049
90.2,160.0,0.0
83.1,132.0,0.0
93.9,206.0,0.027
79.6,58.0,0.01
91.4,116.0,0.015
88.6,203.0,0.0
93.9,166.0,0.022
90.1,206.0,0.0
84.7,252.0,0.0
82.5,67.0,-0.001
87.2,74.0,-0.043
97.7,206.0,0.0
93.7,232.0,0.0
86.3,77.0,0.0
92.5,163.0,0.0
87.0,89.0,0.0
92.7,140.0,0.0
82.7,66.0,0.0
84.9,253.0,0.001
84.7,120.0,0.009
77.7,320.0,0.0
92.7,133.0,0.0
92.2,153.0,0.0
90.5,136.0,0.0
75.8,330.0,-0.001
96.5,221.0,0.0
92.0,212.0,0.038
89.8,186.0,0.0
83.5,354.0,0.0
94.4,209.0,0.0
80.4,21.0,0.0
74.7,86.0,0.0
71.7,30.0,-0.005
86.7,102.0,0.0
85.8,230.0,0.0
87.9,158.0,0.0
85.9,232.0,-0.034
91.1,199.0,0.0
90.2,167.0,0.0
88.7,148.0,0.0069999999999999
94.3,215.0,0.0
83.2,304.0,0.0
82.8,96.0,0.0
94.6,236.0,0.0
80.4,245.0,0.0
93.1,151.0,0.0
92.8,114.0,0.0
90.7,183.0,-0.021
91.3,242.0,0.0
85.5,102.0,0.0
81.5,74.0,0.0
81.4,79.0,0.0
84.8,237.0,0.0
95.4,181.0,-0.0289999999999999
94.2,209.0,0.0
94.3,215.0,0.0
80.1,283.0,0.0
83.5,90.0,0.0
92.5,157.0,0.0
95.1,235.0,0.036
90.8,199.0,0.0
84.1,135.0,0.0
96.1,250.0,-0.017
87.9,264.0,0.0
84.3,215.0,0.0
82.7,18.0,0.032
81.8,122.0,0.0
88.1,181.0,0.011
88.4,136.0,0.0
89.2,194.0,0.0
91.0,62.0,0.0
85.6,251.0,0.0
95.1,198.0,0.0
91.7,134.0,0.0
94.8,146.0,0.0
82.7,104.0,0.0
94.7,226.0,0.0
96.0,158.0,0.011
84.1,80.0,0.0
96.2,255.0,0.0
93.3,242.0,0.0
97.0,201.0,0.0
83.5,100.0,0.012
80.1,79.0,0.0
94.4,181.0,-0.002
95.1,195.0,0.161
82.5,303.0,0.023
85.1,222.0,-0.022
84.4,85.0,0.0
78.8,218.0,0.001
89.9,171.0,0.0
91.3,195.0,0.0
92.1,232.0,0.0
92.9,249.0,0.0
76.4,318.0,-0.003
93.2,203.0,-0.02
88.0,183.0,0.0
82.3,242.0,-0.005
76.9,6.0,0.0
86.2,203.0,0.0
91.0,237.0,0.0
95.7,195.0,0.0
91.0,171.0,0.0
81.8,29.0,0.0
93.6,228.0,0.0
96.7,231.0,0.0
95.7,202.0,0.0
93.5,124.0,0.0
84.0,101.0,0.048
89.3,190.0,0.0
80.5,246.0,0.0
90.6,121.0,0.0
82.7,118.0,0.024
98.0,222.0,0.015
89.8,127.0,0.0279999999999999
97.6,233.0,0.03
85.5,145.0,0.134
92.8,214.0,0.0
84.2,126.0,0.0
85.4,133.0,0.0
81.7,346.0,0.0
86.1,246.0,-0.173
92.3,160.0,0.0
84.9,115.0,-0.0139999999999999
73.6,88.0,0.0
74.2,293.0,0.0
85.4,142.0,0.0
90.1,218.0,0.0
91.6,208.0,0.0
94.9,209.0,0.0
93.7,213.0,0.0
77.0,226.0,0.0
98.5,218.0,0.0
83.0,188.0,0.0
84.0,138.0,0.0
90.9,202.0,0.0
76.9,285.0,0.0
86.7,112.0,0.0
89.7,195.0,0.0
87.8,231.0,0.109
83.3,113.0,0.0
83.7,115.0,-0.016
71.1,304.0,0.0
78.0,297.0,-0.023
78.0,270.0,0.0
92.6,152.0,0.0
94.9,198.0,0.0
73.6,290.0,0.0
97.2,231.0,0.0
93.5,208.0,0.0
95.9,243.0,0.0
91.5,136.0,0.0
96.5,207.0,0.0
83.6,117.0,0.0
88.0,156.0,0.0
83.2,210.0,0.05
93.5,234.0,0.045
91.4,204.0,0.0
90.6,115.0,0.002
95.0,140.0,0.0
84.8,216.0,0.0
90.6,173.0,0.0
88.4,187.0,0.002
89.3,254.0,0.0
95.1,194.0,0.0
87.9,187.0,0.0
89.6,207.0,0.0
88.9,145.0,0.0
88.9,139.0,-0.003
82.1,29.0,0.0
96.1,202.0,0.0
91.3,223.0,0.0
82.0,116.0,0.002
92.6,228.0,0.0
95.0,222.0,-0.025
83.1,223.0,0.0
85.7,206.0,0.0
82.7,247.0,0.0
86.7,122.0,0.0
95.2,197.0,0.0
95.2,221.0,0.022
75.9,38.0,0.0
81.3,323.0,0.0
87.9,265.0,0.0
90.9,249.0,0.035
89.1,210.0,-0.027
86.2,236.0,0.0
90.8,134.0,0.0
79.1,26.0,0.0
85.0,230.0,0.0
80.7,295.0,0.0
80.8,210.0,0.0
83.2,137.0,0.0
90.6,183.0,0.0
89.2,112.0,0.0
93.8,145.0,0.0
92.6,239.0,0.0
99.6,200.0,0.0
95.2,199.0,-0.201
79.1,37.0,0.001
82.9,232.0,0.0
92.4,243.0,0.0
92.8,226.0,0.0
90.1,96.0,0.0
94.8,210.0,0.0
90.6,140.0,0.0
94.1,210.0,0.0
85.1,233.0,0.0
88.5,257.0,0.0
97.2,193.0,-0.003
93.8,205.0,0.0
81.1,306.0,0.0
87.9,242.0,0.0
92.3,247.0,0.0
85.3,244.0,-0.022
96.1,225.0,0.0
91.4,198.0,0.0
96.2,256.0,0.0
79.2,5.0,0.0
95.4,208.0,0.0
81.4,230.0,0.0
85.8,181.0,0.0
95.0,218.0,0.0
89.6,226.0,0.0
94.8,140.0,0.0
85.8,238.0,0.0
87.2,193.0,0.013
84.5,177.0,0.0
95.5,192.0,0.0
93.9,218.0,0.008
95.3,203.0,0.034
90.2,186.0,0.0
86.4,290.0,0.0
79.4,294.0,0.0
90.8,190.0,-0.0579999999999999
88.0,178.0,0.0
93.8,243.0,0.0
86.7,116.0,0.0
77.6,300.0,0.0
94.2,243.0,0.0
74.7,71.0,0.0
82.1,316.0,0.0
89.2,147.0,0.0
81.6,53.0,-0.208
80.0,320.0,0.0
91.0,202.0,0.0
80.5,134.0,0.0
99.2,216.0,0.001
81.8,69.0,0.0
86.5,235.0,0.065
93.0,224.0,0.0
92.8,150.0,0.0
91.8,85.0,0.0
91.5,205.0,0.024
94.2,228.0,0.006
91.6,222.0,0.0
94.8,211.0,0.0
86.0,124.0,0.0289999999999999
94.7,233.0,-0.019
84.0,109.0,0.0
90.1,171.0,0.0
87.2,198.0,0.0
93.3,140.0,-0.025
94.5,156.0,0.0
87.8,102.0,-0.001
79.6,213.0,0.0
96.1,209.0,0.0
90.7,189.0,0.0
94.2,202.0,0.002
93.6,133.0,0.0
89.9,150.0,0.0
88.3,158.0,-0.033
88.2,203.0,0.0
94.5,238.0,0.0
88.3,68.0,0.0
86.7,185.0,0.003
80.7,271.0,0.0
89.6,159.0,0.0
78.6,35.0,0.0
96.6,190.0,0.0
88.4,97.0,0.0
87.6,145.0,-0.098
81.8,40.0,0.0
91.5,157.0,0.0
77.0,199.0,0.0
78.8,44.0,0.0
92.5,144.0,0.027
79.8,66.0,0.0
81.6,303.0,-0.05
86.7,242.0,0.0
87.4,255.0,0.0
90.3,154.0,0.0
90.5,200.0,0.0
84.5,23.0,0.0
83.6,113.0,0.0
77.4,203.0,-0.04
92.0,205.0,0.0
93.2,192.0,0.0
80.7,27.0,0.0
98.1,208.0,0.0
92.8,204.0,0.0279999999999999
94.0,188.0,0.0
90.3,139.0,-0.025
89.0,244.0,0.0
89.3,238.0,0.0
88.5,130.0,0.0
92.0,120.0,0.0
86.3,259.0,0.0
84.5,195.0,0.0
92.0,239.0,0.0
90.0,127.0,-0.046
84.3,266.0,0.0
95.4,225.0,0.0409999999999999
98.1,202.0,0.0
92.6,229.0,0.0
88.9,209.0,-0.021
91.0,159.0,-0.019
85.1,214.0,0.0
86.5,227.0,0.0
88.7,153.0,0.0
94.6,150.0,0.0
92.9,145.0,0.0
87.5,159.0,-0.034
89.5,151.0,0.053
94.9,134.0,0.0
78.9,330.0,0.0
81.1,301.0,0.022
96.3,187.0,0.0
94.2,214.0,0.172
83.0,144.0,0.0
95.7,216.0,0.0
81.6,13.0,0.0
91.3,229.0,-0.026
89.7,269.0,0.0
71.5,209.0,0.0
93.2,145.0,0.0
87.1,98.0,0.0409999999999999
81.2,84.0,0.0
78.6,124.0,0.0
96.0,157.0,0.0
95.3,211.0,0.0
95.0,210.0,0.009
88.1,150.0,0.0
94.7,184.0,0.0
81.1,257.0,0.0
96.5,214.0,0.0
88.1,233.0,0.0
91.2,189.0,0.0
73.4,326.0,0.0
98.0,245.0,0.0
80.9,230.0,0.0
93.5,248.0,0.0
92.3,192.0,0.0
90.2,231.0,0.0
94.9,229.0,0.0
84.9,227.0,0.0
91.3,218.0,0.0
89.6,210.0,-0.009
83.0,93.0,-0.0069999999999999
84.0,105.0,0.0
91.0,131.0,0.0
97.6,202.0,-0.049
76.0,63.0,0.033
79.2,110.0,0.0
93.2,132.0,-0.016
93.0,253.0,0.0
79.6,247.0,0.0
87.0,130.0,0.0
88.0,199.0,0.0
91.8,200.0,0.0
93.3,114.0,0.001
91.7,111.0,0.005
85.9,147.0,0.0
92.9,172.0,0.0
92.4,196.0,0.0
84.4,177.0,-0.024
89.7,179.0,0.0
97.7,236.0,0.0
84.9,292.0,0.0
78.1,35.0,0.0279999999999999
88.3,208.0,0.0
91.9,195.0,0.0
92.3,166.0,0.0
90.7,233.0,-0.025
89.5,79.0,0.0
85.8,216.0,0.0
92.5,212.0,0.0
75.7,217.0,0.039
91.0,182.0,0.0
82.8,272.0,0.0
89.6,98.0,0.0
80.5,12.0,0.0
84.4,106.0,0.0
93.5,132.0,0.0
94.3,208.0,-0.031
81.4,50.0,0.0
84.4,92.0,0.004
90.5,221.0,-0.1009999999999999
92.6,223.0,0.0
84.8,151.0,0.0
95.0,200.0,0.0
94.3,207.0,-0.087
80.7,62.0,0.0
82.8,81.0,0.0
96.4,215.0,0.0
93.1,234.0,0.013
79.9,42.0,0.0
94.4,201.0,0.0
95.9,211.0,-0.049
80.7,179.0,-0.02
92.5,252.0,0.0
83.6,82.0,0.0
77.2,37.0,0.0
93.2,225.0,-0.025
95.6,206.0,0.012
92.2,210.0,0.0
97.3,198.0,0.0
79.1,39.0,0.0
89.5,205.0,0.0
90.7,144.0,0.0
82.7,215.0,0.0
94.2,186.0,0.0
96.1,195.0,0.0
90.4,134.0,0.006
83.3,274.0,0.0
93.2,236.0,0.0
82.0,80.0,0.0069999999999999
80.6,274.0,0.0
94.1,139.0,0.0
85.1,140.0,0.0
83.7,113.0,-0.025
96.4,206.0,0.0
91.8,231.0,0.0
90.9,241.0,0.0
92.4,162.0,0.0
93.0,198.0,0.0
93.1,224.0,0.0
77.6,103.0,0.0
83.8,237.0,0.0
94.0,237.0,0.0
78.8,59.0,0.0
91.1,163.0,0.0
93.7,189.0,-0.068
93.9,195.0,0.0
91.9,182.0,0.0
81.7,249.0,0.0
86.6,270.0,0.0
86.1,148.0,0.0
91.6,241.0,0.0
94.3,212.0,0.01
83.5,17.0,0.0
83.1,255.0,0.0
96.1,236.0,0.04
79.4,31.0,0.105
96.1,214.0,0.002
90.0,141.0,0.0
94.9,222.0,-0.039
77.8,341.0,0.0
84.5,274.0,0.0
89.5,220.0,0.026
90.6,129.0,-0.018
81.2,134.0,-0.067
96.1,232.0,0.0
82.3,107.0,-0.016
89.6,201.0,0.0
78.1,269.0,0.0
89.5,139.0,-0.005
95.7,205.0,0.005
88.6,178.0,0.0
80.2,231.0,0.045
97.3,212.0,-0.001
89.5,187.0,-0.016
88.3,245.0,-0.024
98.0,212.0,0.0
96.2,238.0,0.0
91.4,213.0,0.0
89.6,198.0,0.0
78.0,22.0,0.0
80.6,290.0,0.0
89.5,136.0,0.0
92.4,244.0,-0.002
99.4,221.0,0.0
82.6,22.0,0.011
91.9,242.0,0.034
91.2,191.0,0.0139999999999999
90.7,253.0,0.0
91.9,145.0,0.0
92.8,196.0,0.0
93.3,208.0,0.0
90.8,147.0,0.0
72.3,81.0,0.0
91.7,140.0,0.0
82.7,301.0,0.0
77.6,320.0,0.0
92.0,280.0,0.0
93.7,191.0,0.0
91.3,228.0,0.021
91.2,155.0,0.0
93.6,153.0,0.0
81.1,21.0,0.0
82.6,69.0,0.2
90.9,159.0,-0.084
92.1,259.0,0.0
98.0,221.0,0.0
96.6,223.0,0.003
74.8,323.0,0.0
95.3,203.0,0.0
90.0,213.0,0.0
92.9,235.0,0.0
90.5,208.0,-0.04
88.0,255.0,0.0
87.8,167.0,0.0
74.5,321.0,0.0
89.7,231.0,-0.027
77.6,94.0,0.009
91.6,190.0,0.0
88.2,180.0,0.0
96.5,213.0,0.0
75.1,339.0,0.0
90.2,203.0,0.0
81.4,35.0,0.0
88.4,98.0,0.0
90.5,240.0,0.0
81.0,239.0,0.0
94.7,203.0,0.0
94.7,213.0,-0.01
93.6,138.0,0.016
93.4,206.0,0.0
84.4,87.0,0.0
81.0,84.0,0.0
83.4,276.0,0.0
97.3,209.0,0.0
92.8,201.0,0.0
94.6,240.0,0.022
91.4,197.0,-0.044
86.3,176.0,0.0
91.4,248.0,0.0
80.8,28.0,0.0
92.7,183.0,0.0
88.4,183.0,0.0
81.2,35.0,0.0
91.0,185.0,0.0
94.3,234.0,0.0
94.5,210.0,0.0
95.8,241.0,0.01
80.8,219.0,0.016
96.6,174.0,0.0
86.1,217.0,0.0
85.0,260.0,0.0
83.3,54.0,0.0
89.9,145.0,0.0
94.3,225.0,0.0
89.3,125.0,0.0
94.8,209.0,0.0
82.0,220.0,0.0
95.6,132.0,-0.083
79.1,95.0,0.0
92.2,139.0,0.0
93.8,201.0,0.0
82.1,305.0,0.0
90.2,173.0,0.087
92.9,212.0,-0.017
95.9,219.0,0.042
91.9,189.0,0.118
86.8,162.0,0.0
91.2,125.0,0.0
91.3,190.0,0.031
80.9,37.0,0.0
86.8,243.0,0.0
93.7,189.0,-0.002
81.7,59.0,-0.012
94.7,241.0,0.0
96.9,215.0,0.0
87.9,157.0,0.025
75.5,29.0,0.0
91.2,221.0,0.088
92.7,181.0,0.0
90.2,176.0,0.0
94.8,216.0,0.0
92.0,141.0,0.0
76.4,330.0,0.0
96.8,224.0,0.0
78.3,53.0,0.0
76.0,61.0,0.0
94.5,193.0,0.0
90.2,139.0,0.0
80.9,19.0,0.0
86.5,133.0,0.0
98.4,224.0,0.0
93.3,151.0,0.0
92.6,198.0,-0.004
82.8,116.0,0.009
90.9,123.0,-0.016
91.9,197.0,0.0
96.6,227.0,0.0
87.1,237.0,0.0
86.6,106.0,0.0
86.7,123.0,0.0
75.0,344.0,0.0
87.0,164.0,0.0
90.9,57.0,0.0
92.5,192.0,0.0
93.3,198.0,0.022
79.1,231.0,0.0
85.6,63.0,0.0
94.1,232.0,0.0
92.3,160.0,-0.115
85.2,319.0,0.0
87.2,224.0,-0.001
81.2,89.0,0.0
87.6,143.0,0.0
94.1,234.0,0.001
84.0,73.0,-0.015
91.8,130.0,0.0279999999999999
87.4,85.0,0.0
82.8,230.0,0.022
90.6,177.0,0.026
94.3,203.0,-0.142
88.7,270.0,0.0
84.4,240.0,0.0
89.6,195.0,0.0
93.8,237.0,0.0
90.2,164.0,-0.033
70.9,319.0,0.0
93.2,226.0,0.0
91.4,124.0,0.0
92.5,218.0,0.0
95.2,134.0,0.05
96.2,167.0,0.0
92.6,160.0,0.0
92.3,203.0,0.0
84.0,229.0,-0.05
91.4,148.0,0.022
95.9,186.0,0.0
85.4,118.0,0.0
79.6,114.0,0.0
92.3,152.0,0.021
75.3,335.0,0.0
98.0,233.0,0.0
87.9,193.0,0.0
81.0,232.0,-0.025
95.7,159.0,0.0
82.1,112.0,0.0
89.5,151.0,0.0
80.7,249.0,0.0
80.1,32.0,0.0
79.4,292.0,-0.021
83.7,253.0,0.011
86.4,236.0,0.0
91.3,202.0,0.0
82.2,95.0,0.0
89.3,188.0,-0.086
87.8,202.0,0.026
95.7,200.0,0.02
84.8,273.0,-0.033
82.6,121.0,0.0
83.1,93.0,0.0
82.6,87.0,-0.17
92.8,163.0,0.0
86.9,172.0,0.0
93.0,229.0,-0.013
87.2,110.0,0.0
86.3,90.0,-0.009
88.4,202.0,0.0
94.8,211.0,-0.039
72.6,279.0,0.0
82.0,324.0,0.0
89.5,161.0,0.0
91.9,225.0,0.0
95.8,238.0,0.0
94.9,201.0,0.0
80.1,26.0,0.011
89.5,235.0,0.003
90.4,113.0,0.0
74.6,270.0,0.021
88.1,150.0,0.024
83.8,255.0,0.0
85.9,50.0,0.0
76.5,319.0,0.0
75.6,334.0,0.0
81.1,34.0,0.0
90.6,216.0,0.015
93.5,217.0,0.0
88.2,265.0,0.0
100.1,219.0,0.0
92.2,219.0,0.0
73.6,313.0,-0.016
89.7,191.0,0.0
85.8,38.0,0.0
79.6,83.0,0.0
89.1,150.0,0.0
84.3,156.0,0.0
79.4,263.0,-0.023
93.5,175.0,0.0
86.3,203.0,0.0
95.0,214.0,0.0
81.9,80.0,0.0139999999999999
75.7,48.0,0.0
92.8,254.0,0.0
92.3,218.0,0.0
90.3,213.0,0.0
92.9,210.0,-0.017
96.8,220.0,-0.023
81.9,239.0,0.034
92.5,214.0,0.0
77.5,226.0,0.0
92.3,218.0,0.0
79.1,226.0,-0.016
96.9,257.0,0.0
95.3,215.0,0.003
95.4,211.0,-0.044
90.3,192.0,0.0
89.3,167.0,0.0
83.2,92.0,0.0
88.1,189.0,0.0
91.9,191.0,0.0
82.5,26.0,0.0
92.0,237.0,0.0
95.4,232.0,0.0
88.3,115.0,0.0
91.6,198.0,0.0
93.3,216.0,0.073
88.0,242.0,-0.021
99.5,240.0,0.0
84.2,297.0,0.0
89.7,94.0,-0.053
78.4,66.0,-0.024
94.5,151.0,0.0
84.6,233.0,0.0
90.6,266.0,0.0
92.1,210.0,0.0
96.3,201.0,0.0
92.0,233.0,0.0
91.5,200.0,0.0
91.5,242.0,0.0
75.9,303.0,0.024
92.5,157.0,0.071
88.0,247.0,0.0
85.1,243.0,0.011
88.4,257.0,0.0
88.6,155.0,0.043
94.1,214.0,0.0069999999999999
92.0,147.0,0.001
87.3,206.0,-0.067
91.2,176.0,0.0
95.0,139.0,0.0
94.9,183.0,0.0
94.6,225.0,0.0
88.7,156.0,0.0
91.8,210.0,0.0
93.7,203.0,0.0
92.8,208.0,0.0
91.4,237.0,0.0
92.0,112.0,0.0
96.2,188.0,0.0
84.0,126.0,0.0
94.6,175.0,0.0
91.4,157.0,0.0
91.2,203.0,0.0
94.4,162.0,0.022
86.2,89.0,0.128
93.3,229.0,0.0
90.8,212.0,0.0
86.2,273.0,0.027
93.9,186.0,0.0
93.9,203.0,0.0
85.1,252.0,0.0
91.5,193.0,0.0
82.5,228.0,0.0
96.8,209.0,0.0
93.2,194.0,0.0
80.1,97.0,0.0
96.6,195.0,0.0
81.8,12.0,0.0
94.1,228.0,-0.015
96.4,212.0,0.0
98.2,218.0,0.0
93.5,217.0,0.0
96.5,227.0,0.036
92.5,241.0,0.0
77.9,346.0,0.0
90.5,156.0,0.0
90.0,150.0,0.0
82.0,225.0,-0.033
96.5,183.0,-0.005
88.7,191.0,0.0
85.0,79.0,0.0
83.5,97.0,-0.0969999999999999
83.5,144.0,0.0
82.1,41.0,-0.022
92.1,146.0,0.0
90.4,209.0,0.0
91.6,161.0,0.0
90.4,224.0,0.0
85.0,246.0,0.0
84.9,57.0,0.0
94.3,199.0,0.0
92.6,144.0,0.0
90.3,231.0,0.0
90.4,206.0,0.0
94.6,244.0,0.0
95.9,201.0,0.0
95.9,150.0,0.0
85.8,150.0,0.0
89.0,156.0,0.0
88.5,193.0,0.049
86.6,233.0,0.0
80.8,47.0,0.0
90.0,132.0,-0.01
96.0,212.0,0.0
92.5,212.0,0.0
94.8,244.0,0.0
96.9,125.0,0.0
80.3,157.0,0.0
94.4,199.0,0.0
92.1,149.0,0.0
91.7,203.0,0.0
90.1,195.0,0.0
86.2,252.0,0.012
95.0,232.0,0.0
85.4,259.0,0.0
78.1,327.0,0.0
91.5,255.0,0.023
81.2,233.0,0.0
76.5,298.0,0.0
76.4,103.0,0.0
84.1,262.0,0.0
74.2,66.0,0.0
84.2,119.0,0.0
82.6,53.0,0.0
87.0,260.0,0.0
96.0,250.0,0.0
93.7,236.0,0.024
86.4,120.0,0.0
90.3,160.0,0.0
85.6,216.0,-0.01
97.2,206.0,0.0
87.8,96.0,0.0
91.7,117.0,0.153
91.0,143.0,0.0
92.2,197.0,0.0
94.0,169.0,0.0
83.7,211.0,0.0
78.7,103.0,0.0
87.8,78.0,0.0
90.9,174.0,-0.009
90.4,259.0,0.0
79.9,278.0,0.0
90.0,215.0,0.0
93.8,240.0,0.0
82.9,47.0,0.0
85.1,229.0,-0.0069999999999999
80.6,303.0,0.006
81.6,47.0,0.0
96.1,206.0,0.0
86.4,188.0,-0.019
91.4,123.0,0.0409999999999999
94.8,190.0,0.0
94.5,197.0,-0.009
93.2,215.0,-0.0139999999999999
86.3,110.0,0.0
85.0,220.0,0.0
91.4,206.0,0.0
87.7,234.0,0.0
82.6,260.0,0.0
87.8,55.0,0.0
88.1,172.0,0.0
95.2,220.0,0.1169999999999999
87.5,161.0,0.0
88.4,220.0,-0.083
98.7,183.0,-0.049
91.8,121.0,0.0
78.1,207.0,0.0
87.3,186.0,0.0
83.1,124.0,0.0
86.5,244.0,0.0
91.9,234.0,0.0
83.2,89.0,0.0
90.4,261.0,-0.149
80.6,104.0,0.0
85.8,232.0,-0.005
95.7,230.0,0.0
86.7,222.0,0.0
89.5,82.0,-0.038
77.4,305.0,0.026
91.5,221.0,0.0
91.9,209.0,0.0
80.5,25.0,0.0
91.7,211.0,0.0
93.7,152.0,0.0
93.2,195.0,0.0
88.6,135.0,0.0
91.2,118.0,0.0
89.6,186.0,0.0
81.4,224.0,0.0
91.6,241.0,0.0
93.4,137.0,-0.006
89.1,226.0,0.0
85.8,162.0,0.0
89.7,176.0,-0.047
89.2,217.0,0.0
85.7,187.0,0.0
82.2,343.0,0.0
93.8,222.0,0.0
93.5,194.0,0.0
90.9,222.0,0.0
96.2,141.0,0.0
91.6,211.0,0.0
86.1,221.0,0.0
82.7,25.0,0.0
85.6,97.0,0.0
95.5,157.0,0.0
79.1,229.0,0.0
91.3,153.0,0.147
95.0,223.0,0.0
80.2,285.0,0.0
93.0,197.0,0.0
83.4,51.0,0.0
90.8,215.0,0.0
96.3,211.0,0.0
89.7,155.0,0.0
81.3,252.0,0.0
78.5,90.0,0.0
90.4,219.0,0.0
97.3,202.0,0.0
90.9,195.0,-0.0279999999999999
82.1,103.0,0.0
85.7,159.0,0.0
82.6,101.0,0.0
97.5,220.0,0.0
79.3,56.0,0.0
91.0,240.0,-0.025
96.4,213.0,0.0
87.5,145.0,0.0
94.8,201.0,0.0
82.0,94.0,0.0
92.6,254.0,0.0
83.4,121.0,0.0
89.7,126.0,0.0
93.1,168.0,0.0
92.7,148.0,0.0
88.5,240.0,0.0
93.7,139.0,0.0
79.9,324.0,0.02
89.3,135.0,0.0
88.8,272.0,0.0
86.4,168.0,0.0
95.8,235.0,0.0
86.4,186.0,-0.018
93.4,189.0,0.0
89.9,183.0,0.0
92.5,203.0,0.0
89.6,172.0,0.0
84.6,130.0,0.0
93.9,145.0,0.0
85.2,241.0,0.0
93.7,172.0,0.0
76.3,331.0,0.0
86.9,266.0,0.0
90.7,255.0,-0.023
86.7,228.0,0.0
80.8,151.0,0.0
75.1,26.0,0.0
86.1,267.0,0.0
84.2,129.0,-0.325
94.6,205.0,0.0
92.6,220.0,0.024
92.2,130.0,-0.01
79.7,191.0,0.039
79.6,268.0,0.0
89.3,207.0,0.0
92.0,137.0,0.0
85.9,145.0,0.0
87.1,270.0,0.0
91.4,109.0,-0.0139999999999999
86.2,204.0,0.0
93.4,234.0,0.0
92.5,233.0,0.0
96.1,196.0,0.0
91.0,231.0,0.033
90.6,279.0,0.0
93.9,119.0,0.0
82.1,209.0,0.0
86.7,102.0,0.0
83.7,284.0,0.018
91.6,116.0,0.01
90.5,187.0,0.0
80.2,79.0,0.0
70.6,292.0,0.0
83.1,119.0,0.0
93.9,253.0,0.0
81.9,55.0,0.025
86.6,129.0,0.0
91.5,266.0,0.0
95.9,239.0,-0.049
90.4,111.0,0.002
89.6,149.0,-0.0409999999999999
83.4,259.0,-0.011
81.9,269.0,-0.011
78.6,29.0,-0.015
86.4,207.0,0.0
77.3,32.0,-0.019
95.1,228.0,0.0
82.9,52.0,-0.038
88.9,145.0,-0.019
89.7,222.0,0.0
95.5,231.0,0.044
90.7,237.0,0.0
93.3,104.0,0.0
91.8,148.0,0.0
93.8,193.0,0.0
95.8,207.0,0.0
89.9,118.0,0.0
96.7,202.0,0.0
87.5,123.0,0.0
90.0,262.0,0.0
74.5,329.0,0.0
83.0,333.0,0.044
95.2,150.0,0.0
93.2,197.0,0.0
83.5,71.0,0.0
79.4,238.0,0.0
96.6,233.0,-0.005
84.5,107.0,0.003
86.6,134.0,0.145
87.4,148.0,0.0
90.5,242.0,0.0
84.3,3.0,0.0
89.8,144.0,0.0
84.9,16.0,0.0
91.7,239.0,-0.021
89.8,240.0,0.006
82.2,133.0,0.0
85.7,113.0,0.0
80.0,53.0,-0.015
90.1,241.0,0.0
79.4,85.0,0.0
89.1,243.0,0.0
96.3,203.0,0.0
82.3,134.0,0.0
94.7,244.0,0.0
95.4,188.0,0.0
91.4,133.0,0.0
90.6,205.0,0.0
90.5,227.0,-0.057
90.5,271.0,-0.01
84.4,211.0,0.0
84.0,58.0,0.036
84.4,83.0,0.0
91.2,110.0,0.0
89.7,172.0,0.0
91.6,129.0,0.0
89.0,156.0,0.0
78.5,210.0,0.012
83.7,254.0,0.0
87.4,135.0,0.0
80.8,327.0,0.0
82.1,58.0,0.012
92.5,209.0,0.0
79.1,176.0,0.015
81.4,151.0,0.0
80.1,255.0,0.0
96.2,227.0,0.0
76.1,51.0,0.017
94.4,205.0,0.0
92.0,192.0,0.0
91.8,157.0,-0.004
97.2,219.0,0.052
92.6,187.0,0.0
94.9,197.0,0.0
92.6,127.0,0.0
95.3,239.0,0.0
91.2,168.0,0.05
95.7,209.0,0.0
77.5,322.0,0.0
91.5,158.0,0.0
83.5,118.0,0.0
80.5,97.0,0.0
81.8,309.0,-0.016
93.0,154.0,0.0
87.4,169.0,-0.001
80.7,58.0,0.0
90.0,245.0,-0.009
96.7,201.0,-0.076
96.3,201.0,-0.016
93.8,170.0,-0.001
93.1,200.0,0.0
85.0,59.0,0.0
89.2,214.0,0.0279999999999999
91.2,245.0,0.0
84.8,136.0,0.123
89.1,173.0,0.0
95.8,203.0,0.0
90.3,158.0,0.0
82.8,95.0,0.0
87.0,216.0,0.0
85.2,137.0,0.021
79.6,134.0,0.0
87.9,109.0,0.0
90.6,127.0,0.0
96.8,153.0,0.015
92.1,128.0,0.0
89.4,215.0,0.0
77.9,19.0,-0.015
93.8,192.0,0.0
84.1,82.0,0.0
92.6,192.0,0.0
95.7,213.0,0.03
82.8,108.0,0.0
93.3,156.0,0.0
91.6,222.0,0.0
90.1,160.0,0.0
86.1,152.0,0.0
88.1,189.0,-0.0409999999999999
94.2,218.0,0.0
88.6,216.0,0.0
73.3,317.0,0.0
87.7,65.0,0.0
74.5,342.0,0.0
94.7,212.0,-0.063
91.9,229.0,0.0
87.7,100.0,0.0
84.2,111.0,0.023
80.1,217.0,0.0
81.3,96.0,0.0579999999999999
69.8,56.0,0.0
93.0,200.0,0.0
81.1,119.0,0.0
82.2,44.0,0.0
85.2,60.0,0.0
85.6,147.0,0.0
95.3,167.0,0.011
93.4,207.0,0.0
93.0,200.0,0.0
93.7,156.0,0.0
92.6,217.0,0.0
95.5,199.0,0.0
91.9,157.0,-0.025
93.7,235.0,0.0289999999999999
92.5,216.0,0.021
90.6,166.0,0.0
84.0,76.0,0.0
95.9,136.0,-0.02
95.7,188.0,0.0
92.5,137.0,0.0
81.4,342.0,0.0
89.9,185.0,0.0
90.5,209.0,0.0
91.9,218.0,-0.01
82.9,141.0,0.0
92.5,109.0,0.0
95.3,204.0,0.0
86.7,137.0,0.0
78.0,42.0,0.0
89.0,181.0,0.0
95.3,214.0,0.0
90.1,207.0,0.0
81.6,263.0,0.0
92.4,210.0,0.0
93.0,112.0,-0.037
85.3,108.0,0.0
82.7,110.0,0.0
84.2,107.0,0.047
94.9,140.0,0.008
93.7,201.0,0.0
85.6,222.0,0.0
91.1,135.0,-0.002
94.7,202.0,0.0
93.8,222.0,-0.089
79.2,63.0,-0.081
79.3,48.0,0.0
85.2,106.0,0.0
94.7,202.0,0.0
95.0,199.0,0.0
82.6,60.0,0.0
94.3,229.0,0.0
83.0,210.0,0.0
84.0,190.0,0.0
83.5,138.0,0.147
77.5,22.0,0.0
88.2,146.0,0.0
80.4,106.0,0.0
79.7,129.0,-0.015
77.3,7.0,0.0
92.2,166.0,0.0
91.2,169.0,0.0
95.5,140.0,0.0139999999999999
95.7,114.0,0.0
89.8,233.0,0.0
81.0,41.0,0.0
84.2,45.0,0.0
83.8,117.0,0.0
82.1,256.0,0.0
88.9,150.0,-0.025
86.3,66.0,0.0
86.4,158.0,0.0
76.7,359.0,-0.108
93.9,222.0,0.0
75.5,55.0,0.0
90.8,184.0,0.0
88.0,129.0,0.001
94.2,143.0,0.0
85.9,74.0,0.0
88.9,227.0,0.0
83.4,60.0,0.0
94.5,219.0,0.0
94.5,181.0,0.032
95.9,125.0,0.0
89.2,136.0,0.0
98.4,212.0,0.0
86.3,50.0,0.0
93.6,209.0,0.0
74.7,328.0,0.0
85.8,258.0,0.002
79.5,67.0,0.0
91.0,149.0,0.0
90.9,181.0,0.0
81.6,69.0,0.002
91.1,220.0,0.06
95.9,162.0,0.0
85.1,129.0,0.0
93.5,148.0,0.0
88.3,237.0,0.0
83.4,65.0,0.0
95.8,188.0,0.0
90.3,200.0,0.004
85.4,152.0,-0.034
95.8,225.0,0.0
86.3,121.0,0.0
92.2,233.0,0.0
94.9,198.0,0.0
95.1,138.0,0.0
74.2,338.0,0.0
95.5,230.0,0.0
89.0,253.0,0.0
92.6,191.0,-0.002
87.2,231.0,0.0
83.3,38.0,0.0
91.9,209.0,0.0
94.1,191.0,0.0
78.9,117.0,0.0
86.0,229.0,0.0
87.3,243.0,0.0
74.9,48.0,0.0
83.0,330.0,0.0
92.0,169.0,0.03
97.7,238.0,0.0
93.1,220.0,-0.103
89.8,132.0,0.0139999999999999
96.7,214.0,0.0
75.6,346.0,0.0
91.2,199.0,0.0279999999999999
89.4,214.0,0.0
96.1,190.0,0.0
96.4,221.0,0.0
94.9,173.0,0.0
83.1,257.0,0.0
93.7,234.0,0.149
84.5,241.0,0.0
97.7,211.0,0.0
93.8,201.0,0.022
90.0,262.0,0.0
79.9,25.0,0.0
91.7,205.0,0.0
96.6,200.0,0.0
92.7,156.0,0.0139999999999999
97.3,197.0,0.0
94.3,215.0,0.0
94.4,227.0,0.0
87.5,243.0,0.0
88.2,171.0,-0.017
79.0,52.0,0.0
86.8,113.0,0.006
80.8,140.0,0.0
88.8,126.0,-0.005
80.1,62.0,0.0
89.8,190.0,0.0139999999999999
93.1,159.0,-0.001
91.0,158.0,0.0
75.7,338.0,0.0
94.2,137.0,0.003
92.4,210.0,0.0
91.8,221.0,0.0
93.7,208.0,0.0
93.3,209.0,-0.063
83.7,295.0,0.0
87.2,199.0,0.0
77.7,69.0,0.0
85.1,153.0,0.0
89.8,231.0,0.0
90.7,219.0,-0.005
96.6,190.0,0.0
93.0,234.0,0.0
79.7,35.0,0.0
93.7,154.0,0.0
86.7,282.0,0.012
91.5,192.0,0.0
94.0,222.0,0.0
90.6,255.0,-0.0139999999999999
84.4,65.0,0.0
80.1,132.0,0.0
87.9,151.0,0.0
92.7,192.0,0.0
97.1,238.0,0.0
93.2,197.0,0.0
80.1,260.0,0.0
82.7,288.0,0.0
89.4,210.0,0.0
84.3,253.0,0.0
95.9,211.0,0.0
90.9,157.0,0.0
92.8,189.0,0.0
91.6,222.0,0.0
95.7,198.0,0.0
92.1,154.0,0.0
93.2,231.0,0.032
90.9,131.0,0.0
75.0,317.0,0.0
96.2,210.0,0.0
93.1,242.0,0.0
83.5,73.0,0.489
88.2,244.0,0.0
92.8,214.0,0.0
93.3,203.0,-0.004
79.9,296.0,0.0
84.3,136.0,0.0
93.6,164.0,0.0
80.6,294.0,0.0
88.5,139.0,0.0
82.4,107.0,0.0
98.5,240.0,0.0
88.3,105.0,0.0
89.5,256.0,0.023
93.4,217.0,0.0
93.6,232.0,-0.025
89.9,132.0,0.0
89.0,281.0,0.022
66.8,43.0,0.0
88.7,190.0,-0.03
92.1,204.0,0.0
82.6,133.0,0.0
94.2,221.0,0.0
92.6,188.0,0.0
83.1,123.0,0.0
93.3,208.0,0.0
78.3,282.0,0.0
91.9,240.0,-0.027
86.3,244.0,0.185
91.5,200.0,0.0
94.7,256.0,0.0
96.0,215.0,0.0
93.4,203.0,0.0
84.7,194.0,0.0
86.8,156.0,0.0
93.0,239.0,0.0
94.9,177.0,0.0
83.3,95.0,0.0
95.5,234.0,0.022
95.5,196.0,0.0
84.3,140.0,0.0
95.8,218.0,0.0
93.1,248.0,0.0
96.3,219.0,0.0
86.5,27.0,0.0
90.1,158.0,0.0
96.9,139.0,-0.033
94.7,148.0,-0.033
94.3,206.0,0.0
86.9,149.0,0.0
79.5,249.0,0.0
90.5,122.0,0.0
83.5,15.0,0.0
93.0,248.0,0.0
96.5,171.0,0.0
94.6,208.0,0.0
96.2,217.0,0.0
90.2,202.0,0.0
89.7,153.0,0.0
88.3,159.0,0.0
74.7,266.0,0.008
96.7,211.0,0.0
90.9,151.0,0.0
87.8,173.0,0.0
90.8,105.0,0.0
91.0,214.0,-0.026
81.1,28.0,0.0
81.1,207.0,0.0
67.4,45.0,0.03
89.2,156.0,-0.03
79.4,281.0,-0.0279999999999999
77.7,290.0,0.0
82.9,188.0,0.0
93.4,207.0,0.0
89.3,138.0,0.0
97.4,183.0,0.003
90.2,190.0,0.0
83.0,259.0,0.0
88.0,245.0,-0.044
87.7,236.0,0.0
94.5,135.0,0.0
91.0,196.0,0.0
87.1,296.0,0.0
91.9,184.0,0.0
98.4,217.0,0.0
91.2,200.0,0.0
92.3,244.0,0.0
94.0,232.0,0.01
82.5,85.0,0.035
95.4,212.0,0.0
88.9,165.0,0.0
91.4,118.0,0.0
82.4,34.0,0.0
92.8,131.0,0.108
90.3,203.0,0.023
93.6,232.0,-0.038
80.2,234.0,-0.036
86.3,252.0,0.0
88.7,188.0,0.0
92.1,185.0,0.0
92.3,132.0,-0.019
90.7,218.0,0.0
72.9,41.0,0.0
86.9,142.0,-0.002
96.4,217.0,0.0
89.3,124.0,0.0
94.4,198.0,0.0
85.8,250.0,0.024
90.8,231.0,0.0
90.2,144.0,0.0
81.1,248.0,0.0069999999999999
94.1,257.0,0.021
79.2,260.0,0.011
91.9,195.0,0.0
95.8,213.0,0.0
85.9,226.0,0.03
82.8,202.0,0.0
78.1,311.0,0.0
87.4,163.0,0.0
90.8,209.0,0.0
89.4,196.0,0.0
95.1,234.0,0.0
84.6,141.0,0.0
93.5,242.0,0.026
93.1,193.0,0.0
81.5,258.0,0.099
90.3,241.0,0.0
93.7,228.0,0.0
85.6,172.0,0.0
92.6,126.0,-0.044
90.6,135.0,-0.006
80.3,31.0,0.0
78.2,211.0,0.0
92.1,184.0,0.0
86.7,207.0,0.0
93.2,241.0,0.0
92.2,251.0,0.0
91.2,200.0,0.001
78.6,129.0,0.0
90.5,133.0,0.034
77.3,5.0,-0.026
94.7,239.0,-0.057
96.3,226.0,0.0
86.2,247.0,0.0
90.4,138.0,0.03
83.5,69.0,0.0
96.2,251.0,0.0
90.9,182.0,0.0
93.3,191.0,0.0
83.4,124.0,0.0139999999999999
82.7,278.0,0.0
88.3,167.0,-0.096
83.0,294.0,0.0
81.9,282.0,-0.009
91.6,159.0,0.0
95.3,190.0,0.0
93.9,146.0,0.0
84.6,81.0,-0.044
77.2,335.0,0.0
94.1,189.0,0.0
90.6,190.0,-0.002
77.5,44.0,-0.011
86.7,206.0,0.0
89.4,195.0,0.0
95.5,203.0,0.0
76.1,50.0,0.0
94.0,195.0,0.0
93.1,132.0,-0.0069999999999999
94.8,146.0,0.08
97.3,199.0,0.0
96.2,222.0,0.0
85.2,204.0,0.0
92.2,227.0,0.0
97.7,217.0,0.01
90.3,225.0,0.0
87.9,217.0,-0.023
92.2,123.0,-0.1669999999999999
93.8,161.0,0.0
91.6,147.0,0.0
69.5,29.0,0.0
94.1,253.0,0.0
87.7,72.0,0.0
80.4,48.0,0.0
90.7,246.0,0.015
90.8,203.0,0.0
82.7,92.0,0.0
83.9,228.0,-0.016
89.7,222.0,0.0
96.2,225.0,0.0
94.7,245.0,0.0
91.3,156.0,0.0
86.3,114.0,0.018
83.3,129.0,0.0
89.4,170.0,-0.038
95.9,186.0,0.0
89.3,193.0,0.0
84.5,89.0,0.0
85.8,102.0,0.0
89.8,280.0,0.0
84.7,130.0,-0.0409999999999999
90.6,139.0,-0.03
87.6,141.0,0.0
91.0,156.0,0.0
83.9,101.0,0.0
81.0,22.0,0.0
95.9,225.0,0.018
96.5,135.0,0.0
87.6,125.0,0.013
94.8,132.0,0.0
80.8,31.0,0.0
88.4,153.0,-0.012
91.4,139.0,0.0
88.1,155.0,0.0
95.3,214.0,0.054
92.7,204.0,0.0
85.5,264.0,0.0
84.2,100.0,0.0
81.1,262.0,0.0
89.1,245.0,0.0
87.3,92.0,0.0
92.6,226.0,0.008
93.2,235.0,0.0
87.6,179.0,-0.025
90.6,197.0,0.0
76.9,212.0,0.0
94.5,199.0,0.0
83.6,108.0,0.0
92.8,206.0,0.0
91.3,234.0,0.0
87.6,122.0,0.0
89.2,169.0,0.0
84.8,261.0,0.0
86.8,164.0,0.0
93.1,235.0,0.0
86.2,139.0,0.0
97.0,236.0,0.0
92.3,167.0,0.0
91.5,180.0,0.0
96.2,146.0,0.046
77.7,119.0,0.0
92.3,175.0,0.0
93.6,222.0,0.062
84.6,211.0,-0.027
91.3,117.0,0.0
92.3,112.0,-0.017
96.2,187.0,0.0
88.6,141.0,0.0
80.1,272.0,0.0
96.5,249.0,0.0
81.2,336.0,0.0
81.6,91.0,0.002
86.7,248.0,0.0
91.4,113.0,0.0
87.8,195.0,-0.016
92.4,170.0,0.0
92.7,130.0,0.0
93.3,202.0,0.0
86.9,234.0,0.0
91.4,205.0,0.0
90.5,206.0,0.03
86.7,218.0,-0.015
86.2,246.0,0.0
85.2,208.0,0.0
84.2,114.0,-0.026
91.0,205.0,0.0
95.2,177.0,-0.054
91.3,211.0,0.0
83.9,87.0,0.0
93.8,200.0,0.0
88.7,85.0,0.0
95.5,229.0,0.0
94.5,203.0,0.0
90.7,202.0,0.114
86.7,182.0,0.0279999999999999
80.0,23.0,-0.015
97.4,162.0,0.0
90.5,185.0,0.018
93.8,146.0,0.0
92.1,199.0,-0.122
77.6,33.0,0.0
96.4,206.0,-0.075
96.5,208.0,0.0
95.2,193.0,0.0
87.3,265.0,0.0
80.9,322.0,-0.011
98.0,194.0,0.0279999999999999
90.3,158.0,0.0
80.6,22.0,0.0
94.6,239.0,-0.035
95.8,205.0,0.0
91.7,204.0,0.0
92.2,198.0,0.0
85.4,52.0,0.0
89.5,243.0,-0.038
90.0,269.0,0.0
91.3,205.0,0.0
82.1,309.0,0.0
87.0,235.0,-0.023
73.1,83.0,0.0
78.8,208.0,0.0
78.1,46.0,0.008
89.3,261.0,0.0
92.2,134.0,0.0
91.0,200.0,0.02
91.2,176.0,0.0
89.9,234.0,0.0
94.4,205.0,0.0
91.9,152.0,0.0
91.3,243.0,-0.249
93.6,207.0,0.0
90.9,160.0,0.0
94.0,214.0,-0.156
96.4,236.0,0.0
88.6,96.0,0.0
95.4,195.0,0.0559999999999999
86.7,132.0,0.0
91.5,158.0,0.0
94.1,219.0,0.003
90.9,281.0,0.0
86.2,105.0,-0.057
97.2,207.0,0.0579999999999999
85.1,267.0,0.0
89.4,199.0,0.0
89.2,230.0,0.0
85.8,92.0,0.0
77.3,50.0,0.0
85.5,228.0,0.022
78.0,90.0,0.033
84.4,169.0,0.0
85.1,200.0,0.0
94.7,242.0,-0.001
79.3,99.0,-0.047
91.5,198.0,0.0
93.8,195.0,0.0
92.1,126.0,0.0
76.5,84.0,0.0
89.2,137.0,0.0
90.6,160.0,-0.017
90.5,126.0,0.12
90.7,120.0,0.0
79.9,111.0,0.0
77.4,109.0,0.0
94.5,187.0,0.0
95.6,214.0,0.0
94.7,212.0,0.0
92.0,239.0,0.0
93.1,212.0,0.0
77.8,83.0,0.0
95.5,223.0,0.0
76.8,84.0,0.0
90.7,151.0,0.0
86.5,84.0,-0.0069999999999999
94.1,195.0,0.0
84.5,32.0,0.017
92.6,244.0,0.0
91.1,237.0,0.0
95.5,253.0,-0.026
94.2,117.0,0.0
91.0,237.0,0.0
82.4,59.0,0.0
85.5,152.0,0.0
91.8,159.0,0.0
92.5,221.0,-0.036
93.9,207.0,0.0
85.7,219.0,0.0
80.3,257.0,0.0
95.7,225.0,-0.093
86.8,71.0,0.0
78.8,139.0,0.0
86.9,195.0,0.0
91.6,218.0,0.0
82.5,147.0,0.0
96.4,225.0,0.0
81.2,61.0,0.0
91.6,182.0,0.0
81.6,266.0,0.0
84.9,118.0,0.0
90.6,137.0,0.0
75.1,328.0,0.0
74.4,43.0,0.0
86.3,100.0,0.0
83.7,47.0,0.048
96.8,206.0,0.071
89.6,131.0,0.0
92.2,91.0,-0.049
85.5,71.0,0.0
93.5,183.0,0.0
91.3,198.0,0.025
84.3,253.0,0.01
92.0,194.0,-0.037
85.5,165.0,0.0
86.7,71.0,-0.033
88.2,252.0,0.0
87.6,155.0,0.0
78.2,209.0,0.0
92.0,154.0,-0.055
86.1,358.0,0.001
85.3,82.0,0.0
93.9,243.0,0.0
89.1,217.0,0.0
76.1,324.0,0.0
77.2,318.0,0.0
93.6,219.0,-0.009
93.4,236.0,0.0
81.6,75.0,0.0
94.3,250.0,0.011
92.5,203.0,0.032
92.1,234.0,-0.011
93.4,196.0,0.0
86.4,167.0,0.0
82.8,265.0,-0.023
94.5,242.0,0.0
85.4,166.0,-0.011
82.1,79.0,0.0
91.0,157.0,0.0
83.1,129.0,0.0
82.1,32.0,0.0
82.0,233.0,-0.033
83.9,136.0,0.0
84.0,124.0,0.0
91.0,130.0,0.0
97.9,219.0,0.0
95.2,226.0,0.0
87.6,173.0,0.0
94.3,240.0,0.019
93.7,137.0,0.0
94.8,180.0,-0.043
90.0,110.0,-0.005
76.9,6.0,0.0
93.4,158.0,0.0
94.3,194.0,0.0
90.5,125.0,0.0
79.6,11.0,0.0
89.2,266.0,0.0
89.2,224.0,0.018
91.6,206.0,0.0
88.0,258.0,0.036
82.0,222.0,0.0
93.0,224.0,0.009
91.8,174.0,0.0
88.9,238.0,0.0
92.7,139.0,-0.003
91.3,164.0,0.0
95.0,226.0,0.0
95.6,209.0,0.0
90.8,155.0,-0.036
94.3,181.0,0.0
90.3,241.0,0.0
92.1,237.0,0.0
91.9,228.0,0.0
94.4,238.0,0.0
81.0,308.0,-0.055
82.7,30.0,0.0
79.2,72.0,0.0
82.2,28.0,0.0
88.6,134.0,0.0
90.0,143.0,0.0
96.0,202.0,0.0
95.0,141.0,0.044
97.6,170.0,0.0
90.3,230.0,0.0
91.3,192.0,-0.011
89.1,212.0,-0.004
93.8,230.0,0.037
91.6,198.0,0.0
91.4,109.0,0.0
78.7,112.0,0.0
90.8,199.0,0.0
95.6,233.0,0.0
94.4,185.0,0.0
90.5,239.0,0.0
94.3,235.0,0.022
89.3,149.0,0.0
78.3,282.0,0.0
85.3,229.0,0.0
81.6,320.0,-0.026
87.9,201.0,0.02
83.0,209.0,0.0
94.4,205.0,0.015
92.2,220.0,0.0
93.8,256.0,0.0
82.0,88.0,0.0
91.2,220.0,0.0
96.3,212.0,0.0
97.5,218.0,0.0
93.8,219.0,0.0
84.6,102.0,0.0
84.1,196.0,-0.049
97.4,189.0,0.098
93.5,185.0,0.046
89.9,165.0,0.0
97.2,209.0,0.0
92.1,225.0,0.0
95.8,188.0,0.0
83.1,271.0,0.0
94.0,208.0,-0.023
86.9,227.0,0.0
93.4,231.0,0.0
91.6,210.0,0.0
88.7,142.0,0.0
83.5,89.0,0.0
97.4,187.0,0.024
96.2,203.0,0.0
96.1,186.0,-0.011
96.1,232.0,-0.062
89.0,170.0,0.0
92.8,191.0,0.01
76.5,352.0,-0.026
92.1,132.0,0.036
99.0,197.0,-0.015
88.4,176.0,0.0
90.8,209.0,0.0
94.1,211.0,0.0
95.6,149.0,0.0
94.0,131.0,0.0
88.0,144.0,0.0
83.5,99.0,0.0
92.1,179.0,0.0
87.8,288.0,-0.045
95.1,231.0,-0.0139999999999999
94.2,118.0,0.0
93.3,213.0,0.0
87.2,156.0,0.0
86.6,111.0,0.0
96.5,203.0,0.0
95.5,212.0,0.0
84.6,120.0,0.0
91.6,167.0,0.0
92.0,196.0,0.0
88.1,217.0,0.0
91.5,216.0,0.0
92.2,159.0,-0.005
86.2,290.0,0.0
91.9,206.0,0.0
91.9,201.0,0.0
86.0,124.0,0.0
86.5,105.0,0.0
85.1,157.0,0.0
92.8,212.0,0.099
94.2,158.0,0.0
86.3,233.0,0.0
96.0,230.0,-0.0289999999999999
75.6,334.0,0.0279999999999999
92.1,119.0,-0.003
88.5,165.0,0.018
92.6,234.0,-0.026
91.5,152.0,0.0
83.9,164.0,0.0
90.7,195.0,0.0
92.5,152.0,0.0
94.0,247.0,0.0
79.5,40.0,0.018
91.1,242.0,0.0
94.6,203.0,0.0
94.7,229.0,0.019
92.7,240.0,0.0
91.7,197.0,0.0
93.5,200.0,0.0
78.0,331.0,0.0
96.4,186.0,-0.033
92.7,228.0,0.0
77.1,228.0,0.0
92.5,272.0,0.0
77.2,13.0,0.0
87.9,119.0,0.0
80.7,110.0,0.0
84.5,305.0,0.0
97.1,203.0,-0.001
87.3,288.0,0.1169999999999999
81.3,235.0,0.0
92.9,200.0,-0.031
90.9,133.0,-0.001
94.7,207.0,0.0
90.7,200.0,-0.032
89.5,145.0,0.043
94.6,199.0,-0.036
94.7,257.0,0.0
91.0,181.0,0.0
79.1,81.0,0.0
79.8,115.0,0.0
88.1,191.0,0.0
92.4,145.0,0.0
90.5,219.0,0.0
82.7,69.0,0.0
93.9,194.0,0.0
76.0,98.0,-0.004
97.5,145.0,0.0
92.2,231.0,0.0
79.7,95.0,-0.046
78.5,52.0,-0.075
94.5,193.0,-0.068
91.3,227.0,0.0
91.2,199.0,-0.022
89.2,195.0,0.0
91.1,156.0,0.0
90.3,147.0,0.0
89.3,216.0,0.0
94.0,222.0,0.182
96.1,201.0,0.0
87.3,252.0,0.0
88.3,138.0,0.0
88.9,179.0,0.0
88.3,160.0,0.0
83.1,272.0,0.0
90.2,68.0,0.0
91.4,189.0,0.02
71.1,43.0,0.0
77.9,259.0,-0.095
92.9,192.0,0.098
84.5,40.0,0.0
98.3,189.0,0.0
98.3,220.0,0.039
92.1,221.0,0.0
87.7,122.0,0.0
94.5,202.0,0.0
82.2,69.0,0.0
96.1,200.0,0.0
87.7,113.0,-0.0139999999999999
76.0,211.0,-0.013
93.7,149.0,0.0
92.3,149.0,0.0
93.5,192.0,0.0
94.4,204.0,0.0
94.9,199.0,0.0
84.0,149.0,0.0
76.9,110.0,0.0
84.0,264.0,0.001
96.5,127.0,0.023
93.3,152.0,0.0
91.5,189.0,0.03
84.1,27.0,-0.003
92.4,214.0,0.0
92.3,132.0,0.0
83.3,106.0,0.0
93.4,164.0,0.0
88.7,262.0,0.0
94.2,169.0,0.0
83.7,133.0,0.0
87.2,151.0,0.0
83.4,213.0,0.0
90.4,180.0,0.0
80.9,204.0,-0.044
95.4,209.0,0.0
88.7,79.0,0.0
96.9,219.0,0.0
94.0,186.0,0.0
91.5,200.0,0.0
97.3,160.0,0.0
90.6,114.0,0.0
93.5,128.0,0.024
80.7,220.0,0.0
93.4,129.0,0.0
87.4,248.0,0.0
75.4,322.0,0.0
96.0,215.0,0.0
88.0,145.0,0.0
91.1,244.0,-0.021
86.1,207.0,0.0
91.7,227.0,0.0
96.4,151.0,0.036
88.4,145.0,-0.026
83.0,246.0,0.0
85.4,85.0,0.0
89.7,130.0,0.0
80.1,211.0,0.0
93.1,202.0,-0.059
89.3,207.0,0.025
77.5,292.0,-0.02
72.7,310.0,0.0
91.1,200.0,0.0
93.1,209.0,0.0
94.5,233.0,0.0
90.5,192.0,0.0
95.9,224.0,0.0
93.5,139.0,0.0
91.6,227.0,-0.09
90.7,103.0,0.0
90.3,247.0,0.0
80.9,119.0,0.0
91.7,152.0,0.038
97.4,214.0,0.0
91.1,172.0,0.01
84.7,119.0,0.0
79.9,20.0,0.0
82.2,74.0,0.017
95.4,145.0,0.0
90.5,147.0,0.0
87.1,268.0,0.0
92.0,193.0,0.0
87.5,136.0,0.0
92.0,196.0,0.0
79.7,335.0,0.0
93.0,253.0,0.0
88.1,42.0,0.0
98.3,219.0,0.0
89.6,205.0,0.0
86.7,114.0,0.0
97.5,212.0,0.0
81.1,254.0,-0.03
92.3,187.0,0.0
87.6,206.0,0.0
95.4,189.0,-0.075
92.5,119.0,0.0
94.3,206.0,0.0
89.4,222.0,-0.002
90.9,210.0,0.0
85.9,91.0,0.0
91.6,198.0,0.031
88.9,182.0,0.0
92.9,224.0,0.0
92.1,93.0,-0.002
87.2,229.0,0.0
73.0,65.0,0.0
92.3,162.0,-0.013
93.4,209.0,-0.015
92.3,238.0,-0.012
80.7,17.0,0.0
83.9,112.0,0.0
80.0,46.0,-0.017
92.5,198.0,0.0
76.9,328.0,0.0
85.8,174.0,0.0
88.4,136.0,0.0
81.8,144.0,0.0
91.8,185.0,0.0
90.7,246.0,0.0
90.6,215.0,0.0
86.9,161.0,-0.011
90.9,174.0,-0.195
91.0,191.0,0.061
85.9,83.0,0.0
83.9,122.0,-0.008
79.5,36.0,-0.019
95.0,158.0,0.0
92.3,149.0,0.0
90.4,113.0,-0.049
93.1,214.0,0.0
74.7,324.0,0.0
93.5,200.0,0.0
85.7,212.0,0.0
94.2,208.0,0.0
83.8,186.0,-0.015
82.2,100.0,-0.07
96.1,228.0,-0.005
79.3,92.0,0.0
93.0,216.0,0.0
77.1,83.0,0.0
86.8,121.0,-0.039
93.6,249.0,0.048
90.6,143.0,0.0
93.7,199.0,0.0
91.7,198.0,-0.021
94.3,192.0,0.0
96.0,179.0,-0.024
81.6,14.0,0.0
96.4,225.0,0.0
85.2,102.0,0.0
89.2,237.0,0.013
92.9,231.0,-0.062
86.8,162.0,0.0
91.7,182.0,0.0
89.0,193.0,-0.002
74.4,323.0,-0.027
91.0,172.0,0.0
93.0,214.0,0.0
92.2,157.0,0.0
90.3,214.0,-0.036
96.1,216.0,0.0
95.0,209.0,0.0
90.8,197.0,0.0
87.2,161.0,0.0
90.3,159.0,0.0
82.2,248.0,0.0
88.2,181.0,0.0
95.3,214.0,0.0
95.6,209.0,0.0
92.6,209.0,0.0
99.6,252.0,0.0
72.4,46.0,0.0
91.2,191.0,0.0
85.1,127.0,0.0
84.8,222.0,0.0
91.7,186.0,0.0
80.9,116.0,0.0
85.9,260.0,0.0
84.3,296.0,0.0
87.7,218.0,0.017
80.6,137.0,0.0
91.2,120.0,0.0
95.0,215.0,-0.0139999999999999
95.6,156.0,0.025
90.4,184.0,0.0
98.3,205.0,-0.02
96.2,213.0,0.0
76.9,32.0,0.0
88.9,115.0,0.0
90.3,216.0,0.0
90.7,190.0,0.0
94.5,191.0,-0.015
87.9,200.0,0.0
89.3,202.0,0.01
91.6,227.0,0.0
91.9,222.0,0.0
86.2,121.0,0.0
91.4,151.0,-0.013
94.6,197.0,-0.027
93.1,141.0,0.0
87.0,125.0,-0.009
88.9,160.0,-0.16
92.6,202.0,0.0
91.1,208.0,0.0
87.3,208.0,0.0
91.7,194.0,0.0
84.2,123.0,0.0
95.2,223.0,0.0
92.2,226.0,-0.019
92.5,202.0,0.0
93.0,158.0,0.0
95.5,212.0,0.0
77.9,38.0,0.0
86.3,295.0,0.015
92.9,151.0,0.0
91.6,196.0,0.0
96.1,174.0,0.0
94.7,228.0,0.0
84.5,250.0,0.0
81.0,29.0,0.0
84.3,227.0,0.0
78.6,31.0,0.0
89.6,54.0,0.0
86.3,179.0,0.03
84.0,152.0,0.0
71.9,67.0,0.0
92.5,118.0,-0.002
94.2,205.0,0.003
91.6,197.0,0.0
78.4,42.0,-0.021
84.2,134.0,-0.009
87.2,300.0,0.0
93.7,215.0,0.0
83.7,244.0,0.016
89.4,167.0,0.0
84.0,257.0,0.0
84.0,224.0,0.0
83.2,40.0,0.0
80.1,41.0,0.0
92.8,210.0,0.0
89.3,214.0,0.0
92.7,225.0,0.047
82.7,268.0,0.0
96.4,252.0,0.0
88.5,131.0,0.0
88.0,252.0,0.0
89.3,131.0,0.0
91.5,233.0,0.0
94.6,224.0,0.0
86.7,40.0,0.0
82.9,74.0,0.0
83.2,245.0,0.0
84.5,103.0,0.0
93.4,123.0,0.0
90.7,144.0,0.0
84.8,159.0,0.004
76.3,60.0,0.0
91.9,154.0,0.0
94.7,163.0,0.0
92.7,198.0,0.025
76.5,314.0,0.0
84.1,84.0,0.0
92.9,193.0,0.0
83.4,134.0,0.0
89.5,238.0,0.0
97.0,226.0,0.026
97.3,191.0,0.015
96.2,201.0,0.0
85.2,161.0,0.0
98.3,244.0,0.0
89.7,208.0,0.033
89.9,160.0,0.032
88.8,270.0,0.0
93.1,207.0,0.001
83.8,90.0,0.0
88.1,200.0,0.0
87.9,156.0,0.0
82.9,121.0,0.0
92.0,108.0,0.0
83.2,25.0,0.022
93.6,200.0,-0.033
77.4,202.0,0.0
92.8,235.0,0.022
82.3,53.0,0.034
90.2,207.0,0.0
90.4,211.0,0.0
90.0,173.0,0.0
94.3,149.0,0.0
92.8,229.0,-0.032
84.9,50.0,0.0
91.3,228.0,0.0
90.0,261.0,0.013
90.9,133.0,0.001
89.3,202.0,0.001
96.1,162.0,0.036
89.0,268.0,0.0
82.7,104.0,0.0
82.2,50.0,0.0
87.7,154.0,-0.173
88.5,123.0,0.03
87.6,201.0,0.0
79.7,294.0,0.0
88.1,173.0,0.0
90.1,218.0,0.0
81.8,247.0,0.0
87.3,148.0,0.0
89.3,195.0,-0.001
94.8,232.0,0.0
78.2,46.0,0.0
83.7,49.0,0.0
81.5,103.0,0.0
80.8,27.0,0.0
82.4,237.0,0.0
90.5,160.0,0.0
89.1,183.0,0.0
87.0,204.0,0.0
90.7,151.0,0.0
89.2,214.0,0.0
85.2,224.0,0.0
91.8,200.0,-0.024
91.0,222.0,0.0
93.1,213.0,0.0
90.3,261.0,0.0
92.3,100.0,0.0
79.8,37.0,0.0
86.8,103.0,0.0
97.4,235.0,0.0
84.1,34.0,0.0
89.7,136.0,0.0
90.3,217.0,0.021
89.6,242.0,0.0
95.5,187.0,0.0
96.3,141.0,0.0
86.1,101.0,0.037
79.2,35.0,0.0
93.7,152.0,0.0
77.0,53.0,0.0
91.1,206.0,0.0
84.3,41.0,0.0
88.9,197.0,-0.008
95.7,204.0,0.0
93.4,166.0,0.0
84.6,116.0,0.0
84.8,264.0,0.0
91.7,153.0,0.0
94.4,243.0,-0.001
86.0,61.0,0.0
83.2,240.0,0.0
90.6,219.0,0.0
78.4,125.0,0.0
91.7,137.0,0.0
96.9,223.0,0.0
92.1,196.0,0.0
95.1,239.0,0.0
79.0,350.0,0.0
90.7,240.0,0.0
84.9,238.0,0.0
89.7,245.0,0.025
78.1,36.0,0.0
90.3,208.0,0.0
90.3,220.0,0.021
91.1,124.0,-0.053
80.1,112.0,-0.1159999999999999
72.8,30.0,0.008
92.1,240.0,0.0
96.4,219.0,-0.17
88.7,132.0,0.076
89.3,195.0,0.0
78.5,20.0,0.0
91.1,152.0,0.0
74.1,326.0,-0.035
94.3,209.0,0.0
80.2,112.0,0.034
87.3,203.0,0.0
95.2,237.0,0.0
86.9,109.0,0.0
83.8,136.0,-0.016
88.3,187.0,0.0
93.2,163.0,0.0
100.5,233.0,-0.025
91.0,191.0,0.0
86.3,8.0,0.0
95.9,148.0,0.0579999999999999
91.7,193.0,0.0
81.3,107.0,0.011
95.9,159.0,0.0
93.8,231.0,0.0
80.9,82.0,0.0
87.8,241.0,-0.013
74.7,53.0,0.022
89.2,253.0,0.0
90.5,205.0,0.0
89.8,178.0,0.0
94.3,187.0,0.0069999999999999
92.9,252.0,0.0279999999999999
93.2,163.0,-0.026
76.9,40.0,0.0
93.8,182.0,0.0
82.2,139.0,0.0
95.9,221.0,0.0
82.6,164.0,0.0
92.7,149.0,0.0
81.5,96.0,0.0
83.1,261.0,-0.023
93.0,227.0,0.0
96.4,197.0,0.0
84.3,117.0,0.0
91.0,238.0,0.0
84.5,53.0,0.0
88.5,138.0,0.0
84.1,118.0,0.0
85.1,201.0,0.0
92.7,211.0,0.0
83.8,256.0,0.0
92.4,169.0,0.051
94.4,224.0,-0.021
92.9,206.0,-0.022
88.9,192.0,0.0
92.3,139.0,0.0
90.5,160.0,0.011
92.0,232.0,0.021
73.0,43.0,0.0
83.5,271.0,-0.044
93.5,214.0,0.0
94.4,210.0,0.0
96.3,210.0,-0.046
86.6,230.0,0.0
95.1,220.0,0.0
87.0,214.0,0.0
91.4,135.0,0.0
94.8,217.0,0.0
75.6,49.0,0.0
97.7,213.0,0.016
93.2,110.0,0.0
82.3,338.0,-0.005
93.0,244.0,0.077
85.9,133.0,-0.023
93.3,138.0,0.0
94.2,158.0,0.045
96.3,209.0,0.11
92.0,107.0,0.0
85.8,125.0,0.0
84.4,24.0,0.0
81.7,30.0,0.0
94.8,252.0,0.0
83.2,261.0,0.0
88.9,157.0,0.0
93.4,251.0,0.0
91.4,239.0,0.0139999999999999
84.6,84.0,-0.133
81.9,120.0,0.0
81.3,258.0,-0.086
94.0,207.0,0.0
84.5,245.0,0.0
79.4,53.0,0.0
90.0,136.0,0.0
96.8,221.0,0.0
94.3,223.0,0.0
92.8,105.0,0.0069999999999999
91.7,184.0,0.0
89.0,144.0,0.0
89.4,166.0,0.0
92.5,199.0,0.013
96.7,216.0,-0.08
77.3,340.0,0.0
89.7,218.0,0.0
102.5,226.0,0.0
93.8,211.0,0.0
93.1,212.0,0.0
83.0,134.0,0.0
90.7,141.0,0.0
85.7,185.0,0.0
89.6,164.0,0.0
89.7,212.0,0.0
90.4,238.0,0.0
79.8,191.0,0.0
76.5,54.0,0.0
96.8,212.0,0.0
94.8,195.0,0.003
81.3,41.0,0.0
80.8,119.0,-0.042
82.1,29.0,0.0
84.8,84.0,-0.037
88.1,111.0,0.0
94.4,214.0,0.0
89.8,213.0,0.0
97.1,225.0,0.0
97.1,164.0,0.0
94.1,150.0,0.0
95.4,236.0,0.018
89.8,125.0,0.0
88.1,160.0,-0.084
95.0,202.0,0.0
85.7,291.0,0.046
85.7,136.0,0.0
87.3,233.0,0.0
89.2,168.0,0.0
92.2,155.0,0.0
85.4,242.0,0.0
79.9,96.0,0.0
83.1,58.0,0.0
83.3,127.0,-0.0069999999999999
90.6,137.0,0.0
90.8,144.0,0.0
83.7,237.0,0.0
90.4,208.0,0.0
86.5,242.0,0.027
89.7,251.0,0.0
95.2,187.0,-0.038
91.9,241.0,0.0
89.7,131.0,-0.016
88.8,247.0,0.0
92.6,132.0,0.0
89.4,110.0,0.0
86.8,255.0,0.0
92.6,206.0,0.0
89.5,238.0,0.0
92.7,195.0,0.0
88.0,203.0,0.0
86.1,191.0,0.0
86.4,159.0,0.0
93.8,247.0,0.0
92.7,181.0,0.0
75.8,53.0,0.0
81.8,241.0,0.0
92.6,177.0,0.015
95.7,234.0,0.0
80.6,31.0,-0.006
96.4,127.0,0.0
90.7,140.0,0.0
88.9,217.0,0.0
89.1,128.0,0.0
95.3,223.0,-0.012
86.9,266.0,0.0
94.2,189.0,0.0
89.8,111.0,0.027
89.2,109.0,0.011
91.2,194.0,0.0
76.8,82.0,0.0
86.6,239.0,0.022
91.1,148.0,0.0
91.5,220.0,0.0
90.8,241.0,0.0
82.0,316.0,0.0
81.0,325.0,0.0
86.6,124.0,0.0
86.5,120.0,0.0
89.8,196.0,0.0
85.0,260.0,0.0
91.8,188.0,0.013
88.2,142.0,0.0
94.5,220.0,0.001
85.3,91.0,-0.04
91.0,177.0,0.0
78.6,345.0,0.0
95.0,242.0,0.0
85.4,179.0,0.0
75.4,325.0,0.0
90.0,195.0,0.0
93.5,143.0,0.0
92.7,219.0,0.0
90.9,210.0,-0.043
90.7,235.0,0.0
79.9,314.0,0.0
83.1,76.0,0.0
93.8,195.0,0.01
90.5,197.0,0.0
85.8,146.0,0.0
99.1,198.0,0.0
91.1,155.0,0.0
90.7,114.0,0.0
80.3,240.0,0.0
85.0,131.0,-0.0139999999999999
80.9,93.0,0.0
81.2,287.0,0.0
91.9,241.0,0.0
80.7,237.0,0.0
82.3,189.0,0.0
88.0,234.0,0.0
86.6,33.0,0.0
84.1,53.0,0.0
93.5,216.0,0.0409999999999999
86.3,148.0,0.0
81.6,144.0,0.0
93.7,222.0,0.0
79.7,52.0,0.027
96.1,198.0,0.0
84.0,39.0,0.0
94.1,186.0,0.004
87.8,136.0,0.0
90.1,156.0,-0.001
84.7,152.0,0.0
92.2,215.0,-0.043
96.4,237.0,0.0
89.0,120.0,0.0
86.4,260.0,0.0
94.1,158.0,-0.031
86.4,192.0,-0.031
93.4,150.0,0.0
90.2,222.0,0.0
91.7,169.0,0.0
96.8,211.0,0.0
92.9,213.0,0.0
93.4,218.0,0.011
91.3,253.0,0.0
81.9,21.0,0.0
90.9,117.0,0.0
83.0,237.0,0.0
90.0,240.0,0.0
92.4,207.0,0.0
82.4,49.0,0.0
94.3,215.0,0.0
88.6,187.0,-0.021
91.9,140.0,0.0
81.5,332.0,-0.032
79.5,129.0,0.043
81.5,232.0,0.0
83.6,228.0,0.0
84.4,260.0,0.0
97.2,188.0,0.0
94.8,202.0,0.0
85.4,126.0,-0.001
95.4,195.0,0.0
94.1,202.0,0.0
95.0,208.0,0.0
89.6,136.0,0.0
93.4,125.0,0.0
91.4,220.0,0.0
73.0,346.0,-0.034
82.5,249.0,0.0
91.6,194.0,0.0279999999999999
78.8,64.0,0.017
84.2,121.0,0.0
89.4,131.0,0.025
93.9,157.0,-0.115
95.6,177.0,0.0
79.5,43.0,0.0
85.8,190.0,0.0139999999999999
90.0,233.0,0.0
90.8,134.0,0.0
97.4,198.0,0.032
95.7,193.0,0.0
83.2,136.0,0.0
88.3,116.0,0.0
84.9,79.0,0.0
87.0,238.0,0.0
83.5,134.0,0.0
88.8,133.0,0.0
94.6,224.0,0.0
79.7,130.0,0.0
93.0,219.0,0.0
87.7,151.0,0.0
96.6,209.0,0.017
92.9,206.0,0.015
81.8,46.0,0.019
82.3,273.0,0.0
93.4,208.0,0.0
91.8,166.0,-0.0139999999999999
84.1,36.0,0.004
97.0,212.0,-0.008
93.7,229.0,-0.01
90.1,183.0,0.017
93.5,213.0,-0.033
81.5,37.0,0.0069999999999999
92.0,195.0,0.0
84.7,103.0,0.0
70.1,273.0,0.0
80.9,67.0,0.0
81.2,57.0,0.0
93.3,227.0,-0.0279999999999999
84.1,28.0,0.0
97.9,205.0,0.0
96.7,208.0,0.0
89.9,121.0,0.0139999999999999
81.1,19.0,0.0
86.6,209.0,0.0
83.4,84.0,0.0
82.9,91.0,0.0
69.7,315.0,0.0
92.4,227.0,0.0
93.7,228.0,-0.128
82.3,65.0,0.0
95.1,242.0,0.0
91.7,178.0,0.0
81.3,63.0,0.0
92.3,147.0,0.0
96.9,207.0,0.057
84.0,32.0,0.0
90.5,245.0,0.0
77.4,15.0,0.0
97.6,212.0,0.002
91.0,169.0,0.021
78.2,3.0,0.0
89.4,202.0,0.0
93.7,237.0,0.0
85.1,194.0,0.0
93.4,236.0,0.0
84.0,246.0,0.0
88.7,243.0,0.0
90.3,153.0,0.0
83.9,86.0,0.0
93.1,207.0,0.0
93.9,167.0,0.03
92.9,197.0,0.0
84.1,233.0,0.008
90.1,201.0,0.0
83.0,238.0,0.0
90.6,181.0,0.0
92.7,171.0,0.0
86.7,252.0,0.0
87.9,246.0,0.0
86.7,178.0,-0.026
90.8,232.0,0.0
92.7,192.0,0.0
97.0,148.0,0.0
92.5,201.0,0.0
95.7,197.0,0.0
95.3,178.0,0.0
97.1,232.0,0.0
87.7,194.0,0.0
88.5,210.0,0.0
81.4,289.0,0.0
87.3,131.0,0.004
86.7,180.0,0.0
88.7,238.0,0.0
89.4,180.0,0.0
80.9,78.0,0.0
85.1,164.0,0.003
95.7,203.0,0.0
90.5,228.0,0.0
86.5,257.0,-0.096
97.7,163.0,0.0
91.5,195.0,0.0
80.3,106.0,0.0
87.2,127.0,0.044
92.4,226.0,0.0
81.5,287.0,0.0
85.9,223.0,0.0
80.6,73.0,0.0
76.3,48.0,0.0
96.6,191.0,0.0
84.6,171.0,0.0
78.3,35.0,-0.026
70.5,295.0,0.0
93.1,226.0,0.0
94.2,220.0,0.0
86.7,103.0,0.0
93.7,216.0,0.0
84.0,134.0,-0.001
91.1,160.0,0.0
80.1,64.0,0.0
86.2,110.0,0.0
85.0,249.0,0.0
90.8,222.0,0.0
94.2,188.0,0.0
92.7,222.0,0.017
82.8,118.0,0.0
86.3,146.0,0.0
96.0,206.0,0.0
85.8,261.0,0.0
85.6,164.0,0.0
93.6,159.0,0.0
94.3,232.0,0.0
75.1,36.0,-0.021
86.6,257.0,0.0
93.1,146.0,0.0
96.3,208.0,0.0
90.9,235.0,0.0
90.2,140.0,0.0
88.9,255.0,-0.052
85.2,99.0,0.0
92.8,207.0,0.0
96.6,247.0,0.03
79.7,341.0,0.0
88.5,230.0,0.0
92.1,189.0,0.0
85.6,264.0,0.0
86.5,274.0,0.0
91.6,225.0,0.201
84.3,248.0,0.0
95.0,189.0,0.0
90.3,193.0,0.0
82.2,209.0,0.0
96.3,236.0,-0.012
77.4,44.0,0.0
89.6,218.0,0.0
87.0,158.0,0.0
84.1,88.0,-0.033
80.5,341.0,0.0
89.7,159.0,-0.012
84.8,225.0,0.0
93.6,209.0,0.0
86.0,127.0,0.0
92.1,138.0,0.024
89.8,123.0,0.0
94.6,200.0,0.0
94.5,236.0,0.021
89.9,247.0,0.0
99.3,192.0,0.0
90.0,237.0,0.012
93.0,251.0,0.0
88.9,57.0,-0.011
78.1,48.0,0.0
87.3,148.0,0.0
79.4,333.0,-0.012
82.6,65.0,0.0
96.9,214.0,0.016
94.5,154.0,0.01
86.2,203.0,0.0
90.6,128.0,0.0
97.0,204.0,0.0
90.7,111.0,0.0
92.1,195.0,0.0
89.3,215.0,0.0
90.9,133.0,0.0
90.8,220.0,-0.011
85.8,249.0,0.0
77.4,201.0,0.0
85.0,204.0,-0.005
91.9,213.0,0.0
96.3,223.0,0.0
78.2,284.0,0.0
97.1,167.0,0.0
98.3,213.0,-0.002
96.6,194.0,0.054
85.3,117.0,0.0
90.8,229.0,0.47
93.8,217.0,0.0
95.6,218.0,0.0
93.0,235.0,-0.04
86.8,257.0,0.0
89.2,205.0,0.0
86.9,116.0,0.0
86.0,110.0,0.0
92.4,225.0,0.0
80.6,125.0,0.0
92.2,160.0,0.0
86.7,152.0,0.0
93.5,222.0,-0.066
90.5,154.0,0.135
87.5,107.0,0.061
85.1,93.0,-0.009
92.1,207.0,0.0
88.0,276.0,0.0
89.5,216.0,0.0
91.3,142.0,0.0
93.4,174.0,0.0
84.8,225.0,0.0289999999999999
92.7,128.0,0.044
82.1,45.0,0.0
91.8,141.0,0.0
85.2,142.0,0.0
91.1,186.0,0.0
84.7,218.0,0.0
